Epi.gene,queryprot,gene_id,pident,length,mismatch,gapopen,qstart,qend,sstart,ssend,evalue,bitscore,notes
DNMT1,XP_029197815.1,g53952,81.904,1586,260,11,1,1567,1,1578,0,2634,
DNMT1,XP_029197815.1,g48416,62.5,48,16,1,594,639,586,633,8.29E-11,67.8,
DNMT1,XP_029197815.1,g3074,38.667,75,45,1,565,638,649,723,1.72E-07,57.4,
DNMT1,XP_029197815.1,g41443,34.247,73,45,1,4,73,5,77,7.55E-06,47.4,
DNMT3A,PFX23237.1,g25804,69.626,721,205,5,1,714,1,714,0,1046,
DNMT3A,PFX23237.1,g2238,32.353,102,59,4,289,382,510,609,4.13E-08,57.8,
DNMT3A,PFX23237.1,adi2mcaRNA26694_R0,31.481,108,69,2,32,137,1271,1375,5.97E-08,57.4,
TET1,XP_022807504.1,adi2mcaRNA27872_R0,59.133,1407,485,34,1,1353,1,1371,0,1502,
MBD2,XP_032230201.1,g53132,58.527,258,99,4,1,251,1,257,8.95E-108,313,
MBD2,XP_032230201.1,g17165,37.313,67,38,1,4,66,5,71,9.87E-06,46.6,
MBD3,XP_020905893.1,g53132,58.846,260,101,4,1,257,1,257,2.28E-110,320,
UHRF1,XP_001623403.2,adi2mcaRNA19502_R0,42.424,132,52,4,173,287,407,531,3.22E-20,94.4,
UHRF1,XP_001623403.2,adi2mcaRNA19502_R1,48.333,60,28,2,230,287,455,513,1.41E-10,64.3,
BRG1,PFX18089.1,g68733,85.92,1598,190,6,26,1607,1,1579,0,2558,
BRG1,PFX18089.1,g61145,86.008,1558,182,6,67,1607,1,1539,0,2474,
BRG1,PFX18089.1,g68729,43.113,726,323,19,2552,3194,28,746,1.20E-178,576,
BRG1,PFX18089.1,g61141,43.113,726,323,19,2552,3194,28,746,5.42E-178,574,
BRG1,PFX18089.1,g53908,45.681,521,248,9,650,1166,110,599,8.29E-133,446,
BRG1,PFX18089.1,g24060,45.681,521,248,9,650,1166,110,599,8.29E-133,446,
BRG1,PFX18089.1,g30149,44.8,500,237,7,676,1164,510,981,1.91E-114,404,
BRG1,PFX18089.1,g61157,34.527,782,387,24,2515,3199,34,787,7.05E-114,388,
BRG1,PFX18089.1,g35549,41.839,533,259,13,688,1191,775,1285,3.35E-107,387,
BRG1,PFX18089.1,adi2mcaRNA14719_R0,34.176,752,376,23,2470,3122,2279,3010,2.07E-106,385,
BRG1,PFX18089.1,g68729,49.025,359,177,5,1611,1965,436,792,2.21E-110,377,
BRG1,PFX18089.1,g61141,49.296,355,174,5,1611,1961,436,788,1.94E-110,377,
BRG1,PFX18089.1,adi2mcaRNA14719_R0,31.387,822,462,27,2435,3183,3068,3860,4.75E-101,367,
BRG1,PFX18089.1,g3893,40.183,545,273,11,683,1203,32,547,1.05E-103,359,
BRG1,PFX18089.1,g9128,40.183,545,273,11,683,1203,32,547,1.08E-103,359,
BRG1,PFX18089.1,adi2mcaRNA14719_R0,32.81,701,313,19,2571,3193,797,1417,9.41E-91,333,
BRG1,PFX18089.1,adi2mcaRNA35282_R0,34.473,673,324,21,2573,3148,16,668,1.44E-97,332,
BRG1,PFX18089.1,g40411,38.051,544,276,13,676,1174,317,844,5.45E-94,327,
BRG1,PFX18089.1,g38588,37.868,544,277,13,676,1174,316,843,6.20E-94,327,
BRG1,PFX18089.1,adi2mcaRNA27141_R0,39.051,548,230,14,701,1183,25,533,2.50E-96,326,
BRG1,PFX18089.1,g37237,44.479,317,159,5,675,987,973,1276,1.86E-75,282,
BRG1,PFX18089.1,g48241,44.479,317,159,5,675,987,973,1276,1.88E-75,282,
BRG1,PFX18089.1,g70713,34.783,529,288,13,684,1163,1314,1834,1.05E-74,279,
BRG1,PFX18089.1,adi2mcaRNA14719_R0,34.915,527,284,18,2673,3193,33,506,1.72E-73,276,
BRG1,PFX18089.1,adi2mcaRNA11091_R0,33.762,622,267,22,2591,3201,27,514,5.91E-74,263,
BRG1,PFX18089.1,g34810,30.085,585,338,17,457,1028,300,826,5.02E-67,254,
BRG1,PFX18089.1,adi2mcaRNA14719_R0,40.75,400,213,16,2322,2708,3075,3463,2.10E-66,253,
BRG1,PFX18089.1,adi2mcaRNA21693_R0,36.09,399,196,12,2846,3193,535,925,3.46E-63,241,
BRG1,PFX18089.1,adi2mcaRNA21955_R0,35.949,395,222,9,789,1164,20,402,2.70E-62,234,
BRG1,PFX18089.1,adi2mcaRNA23539_R0,37.322,351,201,10,2847,3193,99,434,2.31E-61,234,
BRG1,PFX18089.1,g25032,37.607,351,200,10,2847,3193,131,466,3.12E-63,233,
BRG1,PFX18089.1,g48242,33.537,492,288,12,688,1148,300,783,6.99E-62,232,
BRG1,PFX18089.1,adi2mcaRNA14719_R0,40.281,427,222,19,2306,2713,2277,2689,8.51E-60,231,
BRG1,PFX18089.1,g37238,33.806,494,284,14,688,1148,311,794,1.39E-61,231,
BRG1,PFX18089.1,adi2mcaRNA21693_R0,36.752,351,203,10,2847,3193,895,1230,1.03E-59,229,
BRG1,PFX18089.1,g546,31.8,500,291,19,1612,2095,741,1206,1.41E-59,228,
BRG1,PFX18089.1,g21633,30.769,533,293,14,688,1156,117,637,5.17E-60,227,
BRG1,PFX18089.1,g47624,37.607,351,197,9,1612,1955,28,363,1.80E-57,223,
BRG1,PFX18089.1,adi2mcaRNA1494_R0,35.795,352,209,8,2847,3194,141,479,8.63E-57,220,
BRG1,PFX18089.1,adi2mcaRNA21693_R0,41.049,324,166,11,1613,1920,611,925,1.51E-56,219,
BRG1,PFX18089.1,adi2mcaRNA23539_R0,39.49,314,172,9,1612,1921,136,435,4.48E-56,217,
BRG1,PFX18089.1,g25032,40.127,314,170,10,1612,1921,168,467,1.15E-57,216,
BRG1,PFX18089.1,adi2mcaRNA21693_R0,38.978,313,175,8,1612,1921,932,1231,2.58E-55,215,
BRG1,PFX18089.1,g47624,35.938,320,190,7,2879,3193,22,331,3.31E-53,209,
BRG1,PFX18089.1,adi2mcaRNA1494_R0,39.744,312,173,9,1612,1920,179,478,4.45E-53,208,
BRG1,PFX18089.1,g26421,32.692,468,288,10,710,1155,147,609,6.92E-55,207,
BRG1,PFX18089.1,g68729,40.841,333,184,10,2347,2673,28,353,1.48E-53,206,
BRG1,PFX18089.1,g61141,40.841,333,184,10,2347,2673,28,353,2.13E-53,206,
BRG1,PFX18089.1,adi2mcaRNA14719_R0,29.86,499,266,17,1612,2104,512,932,2.09E-51,203,
BRG1,PFX18089.1,g61157,34.842,442,211,15,2345,2735,28,443,1.64E-50,197,
BRG1,PFX18089.1,adi2mcaRNA14719_R0,34.699,366,203,14,2834,3192,469,805,1.18E-49,197,
BRG1,PFX18089.1,g546,34.653,303,180,9,2885,3184,741,1028,1.11E-49,196,
BRG1,PFX18089.1,g58794,33.6,375,211,15,2840,3193,216,573,7.48E-51,195,
BRG1,PFX18089.1,g11801,33.962,371,215,15,2840,3193,83,440,2.07E-49,194,
BRG1,PFX18089.1,g58777,34.053,417,236,17,2803,3193,283,686,6.29E-49,194,
BRG1,PFX18089.1,g61157,35.91,401,187,14,2303,2649,25,409,1.17E-48,191,
BRG1,PFX18089.1,adi2mcaRNA14719_R0,44.407,295,149,12,2385,2673,816,1101,4.67E-47,189,
BRG1,PFX18089.1,g61157,35.238,315,179,11,1613,1920,485,781,5.29E-47,186,
BRG1,PFX18089.1,adi2mcaRNA14719_R0,33.538,325,186,12,1612,1924,1423,1729,5.23E-46,185,
BRG1,PFX18089.1,g58777,33.679,386,218,14,2836,3193,644,1019,2.82E-46,185,
BRG1,PFX18089.1,adi2mcaRNA14719_R0,31.445,353,220,12,2848,3193,1388,1725,1.68E-45,184,
BRG1,PFX18089.1,adi2mcaRNA1606_R1,37.793,299,163,8,1629,1920,148,430,3.06E-47,184,
BRG1,PFX18089.1,g68729,41.581,291,154,10,2301,2585,64,344,2.53E-46,183,
BRG1,PFX18089.1,g61141,41.581,291,154,10,2301,2585,64,344,3.41E-46,183,
BRG1,PFX18089.1,adi2mcaRNA14719_R0,30.31,452,262,16,2633,3058,33,457,7.52E-45,182,
BRG1,PFX18089.1,adi2mcaRNA1494_R0,33.724,341,200,11,2860,3186,461,789,2.83E-45,182,
BRG1,PFX18089.1,adi2mcaRNA21693_R0,34.106,302,181,8,2847,3144,1200,1487,1.21E-44,180,
BRG1,PFX18089.1,g68729,38.739,333,188,14,2309,2633,29,353,4.30E-45,179,
BRG1,PFX18089.1,g61141,38.739,333,188,14,2309,2633,29,353,6.16E-45,179,
BRG1,PFX18089.1,adi2mcaRNA9965_R0,45.662,219,95,5,678,873,274,491,2.88E-44,179,
BRG1,PFX18089.1,adi2mcaRNA1494_R0,36.42,324,169,11,1605,1911,484,787,1.24E-43,177,
BRG1,PFX18089.1,g58794,33.535,331,193,9,1613,1930,267,583,1.00E-44,176,
BRG1,PFX18089.1,g58774,33.244,373,215,16,2840,3193,314,671,1.17E-44,176,
BRG1,PFX18089.1,g63492,46.535,202,99,4,2165,2359,16,215,6.40E-45,174,
BRG1,PFX18089.1,adi2mcaRNA15483_R2,32.908,392,229,15,2814,3186,300,676,3.62E-43,174,
BRG1,PFX18089.1,adi2mcaRNA14719_R0,36.948,249,149,6,1676,1924,270,510,3.37E-42,173,
BRG1,PFX18089.1,g7981,46.535,202,99,4,2165,2359,16,215,1.02E-44,173,
BRG1,PFX18089.1,g25032,33.775,302,184,8,2847,3144,436,725,2.97E-43,172,
BRG1,PFX18089.1,adi2mcaRNA15483_R2,32.266,406,229,16,2814,3186,619,1011,1.84E-42,172,
BRG1,PFX18089.1,adi2mcaRNA4632_R0,35.331,317,179,10,1608,1912,1247,1549,2.88E-42,172,
BRG1,PFX18089.1,adi2mcaRNA4632_R1,34.688,320,183,10,1608,1915,1254,1559,5.40E-42,172,
BRG1,PFX18089.1,g37237,50.296,169,80,2,1004,1169,1751,1918,8.18E-42,171,
BRG1,PFX18089.1,g48241,50.595,168,79,2,1004,1168,1751,1917,1.02E-41,171,
BRG1,PFX18089.1,g34810,49.704,169,81,2,1003,1168,1255,1422,5.98E-42,171,
BRG1,PFX18089.1,adi2mcaRNA1606_R1,34.237,295,171,10,2914,3199,156,436,7.26E-43,171,
BRG1,PFX18089.1,g58774,35.737,319,183,12,2885,3193,46,352,7.13E-43,171,
BRG1,PFX18089.1,adi2mcaRNA1606_R1,31.861,317,178,8,2847,3136,400,705,1.30E-42,170,
BRG1,PFX18089.1,g11801,33.77,305,155,9,1641,1922,162,442,1.94E-41,169,
BRG1,PFX18089.1,adi2mcaRNA14719_R0,32.923,325,199,11,2847,3165,1694,2005,7.96E-41,168,
BRG1,PFX18089.1,g58777,30.723,332,185,8,1613,1922,380,688,9.90E-41,167,
BRG1,PFX18089.1,g7974,55.556,144,57,3,2165,2301,16,159,6.54E-47,167,
BRG1,PFX18089.1,adi2mcaRNA35282_R0,34.937,395,180,15,2392,2735,1,369,1.64E-41,166,
BRG1,PFX18089.1,g63495,54.861,144,58,3,2165,2301,16,159,2.56E-46,166,
BRG1,PFX18089.1,adi2mcaRNA15483_R2,37.634,279,154,11,2918,3186,89,357,2.96E-40,165,
BRG1,PFX18089.1,g58774,31.672,341,186,9,1613,1930,46,362,9.64E-41,164,
BRG1,PFX18089.1,g61157,36.278,317,152,10,2283,2555,91,401,9.20E-40,163,
BRG1,PFX18089.1,adi2mcaRNA14719_R0,30.286,525,293,20,1612,2088,2778,3277,2.78E-39,163,
BRG1,PFX18089.1,adi2mcaRNA14719_R0,34.615,286,171,7,1612,1892,1731,2005,3.77E-39,163,
BRG1,PFX18089.1,adi2mcaRNA15483_R2,30.792,341,189,9,1613,1930,58,374,1.45E-39,163,
BRG1,PFX18089.1,g37578,34.564,298,177,8,1632,1920,2737,3025,2.68E-39,163,
BRG1,PFX18089.1,adi2mcaRNA35282_R0,34.582,347,164,11,2353,2649,2,335,3.34E-40,162,
BRG1,PFX18089.1,g58774,30.499,341,190,9,1613,1930,365,681,4.35E-40,162,
BRG1,PFX18089.1,adi2mcaRNA15483_R2,29.609,358,205,9,1613,1947,377,710,2.23E-39,162,
BRG1,PFX18089.1,adi2mcaRNA11746_R1,34,300,180,8,1632,1922,1040,1330,5.16E-39,162,
BRG1,PFX18089.1,g25026,33.016,315,195,10,2880,3193,125,424,4.60E-39,161,
BRG1,PFX18089.1,adi2mcaRNA15483_R2,30.904,343,187,11,1613,1930,712,1029,8.44E-39,160,
BRG1,PFX18089.1,g37578,30.556,324,197,9,2886,3193,4023,4334,2.19E-38,160,
BRG1,PFX18089.1,adi2mcaRNA14719_R0,37.602,367,188,19,2260,2606,774,1119,4.66E-38,159,
BRG1,PFX18089.1,adi2mcaRNA35282_R0,34.211,266,157,8,1613,1871,411,665,3.30E-39,159,
BRG1,PFX18089.1,g58777,27.934,426,251,13,1613,2008,713,1112,2.92E-38,159,
BRG1,PFX18089.1,g37578,35.517,290,166,10,1641,1920,4056,4334,4.40E-38,159,
BRG1,PFX18089.1,adi2mcaRNA35282_R0,34.627,335,157,9,2313,2594,1,326,3.98E-39,158,
BRG1,PFX18089.1,adi2mcaRNA35282_R0,36.278,317,152,10,2283,2555,17,327,4.73E-39,158,
BRG1,PFX18089.1,adi2mcaRNA11746_R1,31.915,329,193,12,2886,3196,1016,1331,8.87E-38,158,
BRG1,PFX18089.1,g547,34.211,304,138,11,2632,2902,45,319,2.93E-38,158,
BRG1,PFX18089.1,g37578,31.611,329,190,13,2886,3194,2713,3026,2.90E-37,157,
BRG1,PFX18089.1,adi2mcaRNA4632_R1,25.202,742,435,38,2538,3200,871,1571,3.15E-37,156,
BRG1,PFX18089.1,g29285,32.841,271,171,5,2875,3139,793,1058,2.79E-37,156,
BRG1,PFX18089.1,g58794,36.719,256,143,9,2948,3193,8,254,1.30E-37,154,
BRG1,PFX18089.1,adi2mcaRNA4632_R0,27.097,465,260,20,2786,3200,1129,1564,8.63E-37,154,
BRG1,PFX18089.1,g25026,36.184,304,172,13,1609,1908,126,411,5.65E-37,154,
BRG1,PFX18089.1,adi2mcaRNA1606_R1,36.885,244,137,6,1593,1828,438,672,1.59E-36,151,
BRG1,PFX18089.1,adi2mcaRNA11091_R0,35.039,254,113,6,1675,1927,313,515,1.98E-36,150,
BRG1,PFX18089.1,adi2mcaRNA21693_R0,36.226,265,156,8,1611,1872,1235,1489,6.71E-35,148,
BRG1,PFX18089.1,g20848,33.333,252,157,5,2894,3139,4,250,3.94E-36,148,
BRG1,PFX18089.1,g546,41.848,184,99,5,2613,2790,1042,1223,1.05E-34,147,
BRG1,PFX18089.1,g37578,33.218,289,173,9,1643,1920,1441,1720,4.69E-34,146,
BRG1,PFX18089.1,adi2mcaRNA14719_R0,31.088,386,228,16,1610,1971,3552,3923,7.80E-34,145,
BRG1,PFX18089.1,g58794,34.328,268,149,10,1676,1930,11,264,1.43E-34,145,
BRG1,PFX18089.1,g37578,32.667,300,177,10,2908,3193,1432,1720,8.95E-34,145,
BRG1,PFX18089.1,g546,45.238,168,78,7,2471,2630,1062,1223,1.12E-33,144,
BRG1,PFX18089.1,adi2mcaRNA11746_R1,33.221,298,177,9,1632,1920,2345,2629,1.30E-33,144,
BRG1,PFX18089.1,g547,36.8,250,118,12,2471,2687,46,288,5.68E-34,144,
BRG1,PFX18089.1,adi2mcaRNA11746_R1,29.938,324,196,11,2886,3193,2321,2629,1.62E-32,141,
BRG1,PFX18089.1,adi2mcaRNA14719_R0,41.969,193,102,6,2443,2633,45,229,8.04E-32,139,
BRG1,PFX18089.1,g28170,43.333,150,84,1,2161,2309,502,651,8.85E-33,139,
BRG1,PFX18089.1,adi2mcaRNA14719_R0,28.112,498,259,21,2540,3010,30,455,9.59E-32,138,
BRG1,PFX18089.1,adi2mcaRNA14719_R0,41.753,194,103,7,2514,2705,35,220,1.24E-31,138,
BRG1,PFX18089.1,g25032,33.955,268,162,9,1611,1873,471,728,2.72E-32,137,
BRG1,PFX18089.1,adi2mcaRNA23539_R0,29.261,352,169,13,2847,3193,404,680,1.66E-31,137,
BRG1,PFX18089.1,g546,44.242,165,81,6,2593,2749,1062,1223,2.40E-31,136,
BRG1,PFX18089.1,g546,43.558,163,85,3,2673,2835,1062,1217,2.56E-31,136,
BRG1,PFX18089.1,g28164,48.12,133,68,1,2178,2309,95,227,5.25E-34,136,
BRG1,PFX18089.1,g547,36.91,233,115,10,2387,2592,45,272,5.31E-31,135,
BRG1,PFX18089.1,g28170,43.046,151,82,3,2161,2309,371,519,3.04E-31,135,
BRG1,PFX18089.1,g28163,51.754,114,54,1,2178,2290,115,228,1.89E-34,134,
BRG1,PFX18089.1,g29285,29.412,323,207,9,1613,1920,804,1120,2.37E-30,133,
BRG1,PFX18089.1,g63496,48.76,121,60,2,2174,2292,25,145,1.45E-31,133,
BRG1,PFX18089.1,g7973,48.76,121,60,2,2174,2292,25,145,1.46E-31,133,
BRG1,PFX18089.1,g546,40.351,171,79,6,2519,2669,1055,1222,3.24E-30,132,
BRG1,PFX18089.1,g547,35.498,231,113,9,2348,2549,46,269,5.82E-30,131,
BRG1,PFX18089.1,g28165,49.587,121,59,1,2161,2281,325,443,1.65E-30,131,
BRG1,PFX18089.1,g58777,33.333,258,155,9,2836,3083,74,324,3.93E-29,129,
BRG1,PFX18089.1,g58777,32.836,201,133,2,1613,1811,129,329,7.39E-29,128,
BRG1,PFX18089.1,g37578,31.402,328,191,14,1613,1923,89,399,1.34E-28,128,
BRG1,PFX18089.1,g20848,32.129,249,155,7,1642,1880,30,274,1.52E-29,127,
BRG1,PFX18089.1,adi2mcaRNA14719_R0,30.888,259,164,7,1663,1920,1173,1417,7.79E-28,125,
BRG1,PFX18089.1,g37570,33.766,231,127,7,1590,1802,37,259,1.04E-29,125,
BRG1,PFX18089.1,g68179,26.36,478,279,14,688,1158,183,594,2.49E-28,125,
BRG1,PFX18089.1,g28165,47.143,140,68,4,2171,2307,464,600,2.02E-28,124,
BRG1,PFX18089.1,adi2mcaRNA1494_R0,40.11,182,94,7,3016,3193,1,171,3.20E-27,123,
BRG1,PFX18089.1,g28170,41.447,152,84,3,2155,2304,628,776,1.97E-27,122,
BRG1,PFX18089.1,adi2mcaRNA14719_R0,43.75,160,84,4,2305,2462,65,220,4.04E-26,120,
BRG1,PFX18089.1,g547,35.169,236,118,10,2304,2509,41,271,1.29E-26,120,
BRG1,PFX18089.1,adi2mcaRNA14719_R0,38.636,220,124,7,2302,2521,26,234,8.51E-26,119,
BRG1,PFX18089.1,g25032,38.554,166,89,4,3035,3193,2,161,9.97E-26,117,
BRG1,PFX18089.1,g546,42.771,166,83,7,2304,2462,1057,1217,1.35E-25,117,
BRG1,PFX18089.1,g28164,41.549,142,79,2,2156,2296,205,343,2.94E-27,117,
BRG1,PFX18089.1,g46689,48.214,112,57,1,2174,2284,31,142,7.45E-26,117,
BRG1,PFX18089.1,g37578,26.948,308,179,11,1653,1954,1134,1401,6.06E-25,116,
BRG1,PFX18089.1,adi2mcaRNA14719_R0,31.803,305,119,12,2289,2511,2392,2689,1.81E-24,114,
BRG1,PFX18089.1,g546,42.857,168,83,8,2348,2508,1062,1223,1.01E-24,114,
BRG1,PFX18089.1,adi2mcaRNA1494_R0,34.066,182,109,5,1739,1920,1,171,1.24E-24,114,
BRG1,PFX18089.1,g37578,26.836,354,228,12,2840,3181,2354,2688,2.11E-24,114,
BRG1,PFX18089.1,g28163,48.305,118,53,1,2194,2311,2,111,1.66E-27,114,
BRG1,PFX18089.1,g37570,27.972,286,172,11,2849,3109,20,296,5.05E-26,114,
BRG1,PFX18089.1,g28164,42,150,73,4,2194,2330,2,150,5.51E-26,113,
BRG1,PFX18089.1,adi2mcaRNA14719_R0,26.353,425,258,18,1680,2095,2042,2420,1.01E-23,112,
BRG1,PFX18089.1,adi2mcaRNA23539_R0,29.936,314,144,13,1611,1920,439,680,8.18E-24,112,
BRG1,PFX18089.1,g58775,36.898,187,102,8,3016,3193,1,180,5.63E-26,112,
BRG1,PFX18089.1,g37578,28.428,299,183,10,1624,1908,2407,2688,1.99E-23,111,
BRG1,PFX18089.1,g2238,27.711,332,196,11,688,984,1101,1423,5.12E-23,109,
BRG1,PFX18089.1,g37578,30.909,275,164,9,1643,1908,3741,3998,8.85E-23,108,
BRG1,PFX18089.1,g37578,26.648,364,229,13,2835,3181,3656,3998,2.57E-22,107,
BRG1,PFX18089.1,adi2mcaRNA23539_R0,25.779,353,234,16,2849,3193,650,982,2.90E-22,106,
BRG1,PFX18089.1,g2238,36.97,165,92,3,1011,1163,1643,1807,4.59E-22,106,
BRG1,PFX18089.1,adi2mcaRNA6366_R1,36.97,165,92,3,1011,1163,244,408,3.64E-22,105,
BRG1,PFX18089.1,g28263,32.24,183,94,3,1009,1170,806,979,1.05E-21,105,
BRG1,PFX18089.1,adi2mcaRNA15145_R1,29.323,266,150,8,710,943,309,568,6.89E-22,104,
BRG1,PFX18089.1,g5456,44.531,128,65,2,678,803,674,797,9.85E-22,104,
BRG1,PFX18089.1,adi2mcaRNA11746_R1,27.839,273,175,8,1643,1908,734,991,3.05E-21,103,
BRG1,PFX18089.1,g25031,23.445,418,271,14,2813,3198,249,649,1.69E-21,103,
BRG1,PFX18089.1,g25031,27.003,337,213,14,1612,1934,346,663,1.76E-21,103,
BRG1,PFX18089.1,adi2mcaRNA11091_R0,41.045,268,133,13,2347,2606,28,278,3.94E-21,102,
BRG1,PFX18089.1,adi2mcaRNA23539_R0,27.003,337,211,15,1612,1934,686,1001,5.64E-21,102,
BRG1,PFX18089.1,adi2mcaRNA11746_R1,25.141,354,237,11,2839,3181,1960,2296,7.22E-21,102,
BRG1,PFX18089.1,g25035,45.139,144,66,6,1606,1737,13,155,1.79E-24,102,
BRG1,PFX18089.1,adi2mcaRNA9764_R0,30.556,216,142,4,733,945,17,227,3.25E-22,102,
BRG1,PFX18089.1,adi2mcaRNA9965_R0,43.537,147,65,6,1031,1165,436,576,1.37E-20,101,
BRG1,PFX18089.1,g37578,27.985,268,158,12,2927,3181,1134,1379,1.55E-20,101,
BRG1,PFX18089.1,adi2mcaRNA11746_R1,30.325,277,163,11,1643,1908,2039,2296,1.34E-20,101,
BRG1,PFX18089.1,adi2mcaRNA11091_R0,32.423,293,144,9,2507,2751,24,310,1.13E-20,100,
BRG1,PFX18089.1,g58775,32.71,214,98,9,1739,1930,1,190,8.18E-22,100,
BRG1,PFX18089.1,adi2mcaRNA18420_R0,36.257,171,101,4,1013,1179,726,892,1.76E-20,100,
BRG1,PFX18089.1,g25032,34.132,167,99,5,1758,1920,2,161,5.44E-20,98.6,
BRG1,PFX18089.1,g25026,27.068,266,179,9,2849,3108,394,650,1.58E-19,97.8,
BRG1,PFX18089.1,adi2mcaRNA21693_R0,25.352,355,235,16,2849,3193,233,567,2.14E-19,97.4,
BRG1,PFX18089.1,g37578,24.691,324,220,10,2886,3197,89,400,2.80E-19,97.4,
BRG1,PFX18089.1,adi2mcaRNA14719_R0,44.444,126,64,5,2302,2423,3340,3463,4.21E-19,97.1,
BRG1,PFX18089.1,g12811,38.129,139,63,2,2593,2708,38,176,1.75E-21,97.1,
BRG1,PFX18089.1,g41519,38.129,139,63,2,2593,2708,38,176,1.87E-21,97.1,
BRG1,PFX18089.1,g1380,33.553,152,92,3,2165,2313,15,160,7.61E-21,96.7,
BRG1,PFX18089.1,g25031,23.423,333,232,11,2873,3198,2,318,4.38E-19,96.3,
BRG1,PFX18089.1,adi2mcaRNA11746_R1,25.284,352,227,13,2847,3181,659,991,9.50E-19,95.5,
BRG1,PFX18089.1,g25035,38.06,134,75,4,2889,3014,22,155,1.24E-21,94.7,
BRG1,PFX18089.1,g546,43.939,132,65,4,2296,2420,1088,1217,1.81E-18,94.4,
BRG1,PFX18089.1,g25031,26.844,339,208,16,1612,1931,12,329,1.51E-18,94.4,
BRG1,PFX18089.1,g12811,35.915,142,68,4,2471,2590,38,178,1.46E-20,94.4,
BRG1,PFX18089.1,g41519,35.915,142,68,4,2471,2590,38,178,1.68E-20,94.4,
BRG1,PFX18089.1,g46687,41.346,104,60,1,2178,2280,31,134,1.14E-18,93.6,
BRG1,PFX18089.1,adi2mcaRNA11091_R0,30.612,294,145,13,2471,2714,29,313,7.52E-18,91.7,
BRG1,PFX18089.1,g37578,27.17,265,171,9,1653,1908,5058,5309,1.86E-17,91.7,
BRG1,PFX18089.1,adi2mcaRNA18420_R0,29.688,192,119,4,799,985,418,598,1.46E-17,91.3,
BRG1,PFX18089.1,g55387,32.45,151,93,3,2166,2313,16,160,1.83E-18,89.7,
BRG1,PFX18089.1,g64135,44.681,94,49,1,1378,1471,461,551,5.69E-17,89.7,
BRG1,PFX18089.1,adi2mcaRNA21693_R0,26.101,318,207,13,1612,1920,269,567,7.95E-17,89,
BRG1,PFX18089.1,adi2mcaRNA11091_R0,39.367,221,114,9,2307,2520,66,273,7.12E-17,88.6,
BRG1,PFX18089.1,adi2mcaRNA14719_R0,27.917,240,149,9,2956,3186,2043,2267,1.73E-16,88.2,
BRG1,PFX18089.1,g20848,32.432,222,139,9,1619,1836,49,263,3.36E-16,85.9,
BRG1,PFX18089.1,g25027,44.762,105,51,3,1640,1737,69,173,1.33E-16,85.9,
BRG1,PFX18089.1,g46436,39.823,113,62,2,2173,2281,195,305,4.69E-16,85.9,
BRG1,PFX18089.1,g25026,29.961,257,161,11,1598,1844,415,662,8.12E-16,85.5,
BRG1,PFX18089.1,adi2mcaRNA11746_R1,25.263,285,188,9,1642,1920,425,690,1.64E-15,85.1,
BRG1,PFX18089.1,g12811,33.562,146,70,3,2552,2672,37,180,2.94E-17,84.7,
BRG1,PFX18089.1,g41519,33.562,146,70,3,2552,2672,37,180,2.83E-17,84.7,
BRG1,PFX18089.1,g37578,22.09,335,225,8,1599,1930,2100,2401,2.56E-15,84.3,
BRG1,PFX18089.1,g12811,35.811,148,66,5,2625,2748,35,177,3.80E-17,84.3,
BRG1,PFX18089.1,g41519,35.811,148,66,5,2625,2748,35,177,4.91E-17,84,
BRG1,PFX18089.1,adi2mcaRNA11746_R1,24.116,311,214,10,1621,1924,1707,2002,5.26E-15,83.2,
BRG1,PFX18089.1,g37578,23.684,342,225,10,1642,1979,4738,5047,7.35E-15,82.8,
BRG1,PFX18089.1,g64135,37.288,118,70,2,1362,1476,614,730,1.14E-14,82,
BRG1,PFX18089.1,g54244,35.156,128,76,4,2178,2301,113,237,2.93E-15,82,
BRG1,PFX18089.1,g58794,30.601,183,114,7,2836,3011,531,707,1.04E-14,81.6,
BRG1,PFX18089.1,g64135,37.931,116,69,1,1364,1476,767,882,1.80E-14,81.3,
BRG1,PFX18089.1,g68729,34.014,147,87,4,2278,2420,204,344,3.55E-14,80.1,
BRG1,PFX18089.1,g61141,34.014,147,87,4,2278,2420,204,344,3.80E-14,80.1,
BRG1,PFX18089.1,g11799,39.423,104,58,4,3016,3114,1,104,8.44E-17,80.1,
BRG1,PFX18089.1,g58777,27.823,248,135,11,2978,3193,132,367,5.49E-14,79.7,
BRG1,PFX18089.1,g37578,25.41,366,225,16,2839,3181,4969,5309,6.88E-14,79.7,
BRG1,PFX18089.1,adi2mcaRNA11746_R1,26.429,280,174,10,2925,3194,434,691,5.73E-14,79.7,
BRG1,PFX18089.1,g28263,33.333,135,85,3,812,943,487,619,1.37E-13,78.2,
BRG1,PFX18089.1,g54244,34.459,148,86,5,2165,2308,234,374,5.09E-14,78.2,
BRG1,PFX18089.1,g12811,32.624,141,71,3,2388,2506,38,176,7.23E-15,77.8,
BRG1,PFX18089.1,g546,40.206,97,47,1,2747,2843,1055,1140,2.57E-13,77.4,
BRG1,PFX18089.1,g41519,32.624,141,71,3,2388,2506,38,176,9.15E-15,77.4,
BRG1,PFX18089.1,g25027,38.614,101,58,2,2918,3014,73,173,1.55E-13,76.3,
BRG1,PFX18089.1,g12537,52.113,71,33,1,1086,1156,4,73,4.12E-13,75.5,
BRG1,PFX18089.1,g37578,24.281,313,214,12,1621,1924,3406,3704,2.34E-12,74.7,
BRG1,PFX18089.1,g547,36.066,122,75,3,2283,2403,170,289,1.67E-12,74.7,
BRG1,PFX18089.1,g7157,31.944,144,82,5,2171,2309,22,154,2.98E-13,73.9,
BRG1,PFX18089.1,adi2mcaRNA14719_R0,32.026,153,81,6,2707,2852,2234,2370,4.44E-12,73.6,
BRG1,PFX18089.1,g12811,33.333,147,73,4,2670,2792,35,180,2.36E-13,73.2,
BRG1,PFX18089.1,g12811,32.117,137,71,3,2433,2548,41,176,2.82E-13,73.2,
BRG1,PFX18089.1,g12811,33.571,140,69,3,2308,2423,37,176,3.67E-13,72.8,
BRG1,PFX18089.1,g41519,33.333,147,73,4,2670,2792,35,180,3.07E-13,72.8,
BRG1,PFX18089.1,g41519,32.117,137,71,3,2433,2548,41,176,3.53E-13,72.8,
BRG1,PFX18089.1,g41519,33.571,140,69,3,2308,2423,37,176,4.64E-13,72.4,
BRG1,PFX18089.1,g28165,34.454,119,63,4,2196,2305,215,327,1.22E-11,71.2,
BRG1,PFX18089.1,g37578,22.93,314,214,12,1618,1920,785,1081,2.96E-11,70.9,
BRG1,PFX18089.1,g547,36.264,91,57,1,2749,2838,41,131,2.44E-11,70.9,
BRG1,PFX18089.1,g28165,30.579,121,81,2,2171,2289,63,182,2.24E-11,70.5,
BRG1,PFX18089.1,adi2mcaRNA11091_R0,37.209,258,145,9,2298,2548,18,265,4.84E-11,69.3,
BRG1,PFX18089.1,g58775,27.586,203,138,5,2814,3011,116,314,1.29E-11,69.3,
BRG1,PFX18089.1,g28170,36.275,102,55,3,2196,2288,261,361,1.10E-10,68.6,
BRG1,PFX18089.1,g64135,33.333,90,59,1,1381,1470,292,380,1.46E-10,68.6,
BRG1,PFX18089.1,g68729,33.824,136,82,5,1987,2122,187,314,1.51E-10,68.2,
BRG1,PFX18089.1,g61141,33.824,136,82,5,1987,2122,187,314,1.63E-10,68.2,
BRG1,PFX18089.1,g15722,26.423,246,137,6,913,1158,1,202,8.37E-11,67.4,
BRG1,PFX18089.1,g58794,34.021,97,64,0,1641,1737,614,710,2.82E-10,67,
BRG1,PFX18089.1,g58777,26.693,251,146,10,1694,1938,167,385,4.32E-10,67,
BRG1,PFX18089.1,adi2mcaRNA11091_R0,37.931,116,63,6,1987,2099,146,255,3.77E-10,66.6,
BRG1,PFX18089.1,adi2mcaRNA11746_R1,23.982,221,155,5,1653,1864,3313,3529,5.75E-10,66.6,
BRG1,PFX18089.1,g12811,32.886,149,67,6,2713,2838,38,176,3.98E-11,66.6,
BRG1,PFX18089.1,g41519,32.886,149,67,6,2713,2838,38,176,4.71E-11,66.6,
BRG1,PFX18089.1,g11799,44.444,72,34,3,1739,1806,1,70,5.54E-12,66.6,
BRG1,PFX18089.1,g45401,31.579,152,88,5,715,859,1,143,5.57E-10,66.6,
BRG1,PFX18089.1,g37570,25.301,249,118,9,2894,3079,116,359,2.56E-10,66.2,
BRG1,PFX18089.1,g37578,23.188,276,188,11,2927,3194,823,1082,1.38E-09,65.5,
BRG1,PFX18089.1,adi2mcaRNA14719_R0,25.352,142,102,3,1612,1751,291,430,1.75E-09,65.1,
BRG1,PFX18089.1,g58775,30.851,94,65,0,1641,1734,221,314,3.21E-10,65.1,
BRG1,PFX18089.1,g54244,38.372,86,52,1,2197,2281,2,87,1.05E-09,64.7,
BRG1,PFX18089.1,g37578,21.854,302,207,9,2902,3193,2109,2391,3.33E-09,64.3,
BRG1,PFX18089.1,g6183,26.633,199,110,6,2359,2547,220,392,2.21E-09,64.3,
BRG1,PFX18089.1,g64135,30.693,101,69,1,1372,1472,94,193,4.80E-09,63.5,
BRG1,PFX18089.1,g68729,37.069,116,66,4,1981,2095,142,251,4.79E-09,63.2,
BRG1,PFX18089.1,g61141,37.069,116,66,4,1981,2095,142,251,5.26E-09,63.2,
BRG1,PFX18089.1,adi2mcaRNA26989_R0,40.217,92,50,3,2580,2668,8291,8380,1.26E-08,62.4,
BRG1,PFX18089.1,g37578,24.399,291,182,13,2918,3193,4740,5007,1.81E-08,61.6,
BRG1,PFX18089.1,g37570,25.946,185,106,6,1643,1802,181,359,8.84E-09,61.2,
BRG1,PFX18089.1,g25031,38.095,84,38,2,2753,2835,649,719,2.20E-08,61.2,
BRG1,PFX18089.1,adi2mcaRNA35282_R0,30.928,194,82,7,1957,2112,33,212,2.61E-08,60.5,
BRG1,PFX18089.1,g27204,32.174,115,70,2,1355,1467,709,817,3.68E-08,60.5,
BRG1,PFX18089.1,g61157,30.043,233,111,9,1918,2112,68,286,3.91E-08,60.1,
BRG1,PFX18089.1,g55388,30.894,123,76,4,2165,2280,25,145,1.51E-08,60.1,
BRG1,PFX18089.1,g1381,29.752,121,80,3,2165,2280,26,146,1.77E-08,59.7,
BRG1,PFX18089.1,g58777,32.075,106,60,4,3093,3193,18,116,7.69E-08,59.3,
BRG1,PFX18089.1,g34553,30.357,112,64,4,2182,2280,32,142,2.43E-08,58.9,
BRG1,PFX18089.1,adi2mcaRNA11746_R1,23.571,280,183,12,2925,3193,1739,1998,1.67E-07,58.5,
BRG1,PFX18089.1,g6183,33.083,133,69,8,2511,2627,264,392,1.25E-07,58.5,
BRG1,PFX18089.1,g6183,32.374,139,72,7,2623,2748,266,395,1.70E-07,58.2,
BRG1,PFX18089.1,adi2mcaRNA14719_R0,31.148,122,72,6,1987,2104,3263,3376,4.12E-07,57.4,
BRG1,PFX18089.1,g25031,41.096,73,42,1,2307,2379,648,719,3.89E-07,57,
BRG1,PFX18089.1,g25031,40.541,74,39,2,2713,2785,650,719,4.09E-07,57,
BRG1,PFX18089.1,g28170,25.833,120,88,1,2171,2289,109,228,4.96E-07,56.6,
BRG1,PFX18089.1,g25031,44.048,84,41,5,2624,2705,640,719,5.10E-07,56.6,
BRG1,PFX18089.1,g4244,37.143,70,43,1,1393,1461,187,256,4.00E-07,56.6,
BRG1,PFX18089.1,g37578,24.028,283,181,14,2925,3193,3438,3700,9.10E-07,56.2,
BRG1,PFX18089.1,g25035,30.4,125,76,5,1663,1779,30,151,3.69E-08,55.8,
BRG1,PFX18089.1,g6183,29.851,134,61,5,2552,2665,270,390,1.16E-06,55.5,
BRG1,PFX18089.1,adi2mcaRNA26989_R0,36.047,86,46,3,2754,2838,8303,8380,1.33E-06,55.5,
BRG1,PFX18089.1,adi2mcaRNA14719_R0,31.373,153,92,9,1985,2134,3300,3442,5.81E-06,53.5,
BRG1,PFX18089.1,g25031,41.379,87,45,4,2500,2585,638,719,4.11E-06,53.5,
BRG1,PFX18089.1,adi2mcaRNA10406_R0,31.193,109,71,3,2176,2281,20,127,4.85E-06,53.5,
BRG1,PFX18089.1,g61141,28.655,171,94,6,1927,2095,189,333,6.47E-06,53.1,
BRG1,PFX18089.1,g58777,37.975,79,41,3,1861,1938,63,134,7.65E-06,52.8,
BRG1,PFX18089.1,g6183,31.298,131,80,5,2467,2589,267,395,7.26E-06,52.8,
BRG1,PFX18089.1,g35192,24.627,134,97,1,1369,1498,627,760,7.67E-06,52.8,
BRG1,PFX18089.1,g11798,33.824,68,45,0,1675,1742,10,77,1.85E-06,51.6,
BRG1,PFX18089.1,g20065,28.302,106,73,1,1362,1467,76,178,2.55E-06,51.2,
BRG1,PFX18089.1,g11798,37.143,70,42,1,2948,3017,8,75,5.11E-06,50.4,
SMG,XP_032221815.1,g4639,61.398,658,218,19,1,645,26,660,0,702,
SMG,XP_032221815.1,g11098,61.398,658,218,19,1,645,1,635,0,701,
SMG,XP_032221815.1,g27048,44.643,56,31,0,324,379,416,471,4.13E-07,53.9,
KAISO,NP_001082143.1,g60350,34.524,84,55,0,497,580,722,805,3.57E-13,73.9,
KAISO,NP_001082143.1,g40393,34.615,78,51,0,501,578,1115,1192,2.73E-11,68.2,
KAISO,NP_001082143.1,g12928,34.615,78,51,0,501,578,1048,1125,3.00E-11,67.8,
KAISO,NP_001082143.1,g32158,33.333,87,58,0,491,577,541,627,1.36E-10,65.5,
KAISO,NP_001082143.1,g34436,36.709,79,44,1,18,90,20,98,2.24E-10,64.7,
KAISO,NP_001082143.1,adi2mcaRNA32162_R3,40.909,88,51,1,503,590,47,133,1.90E-10,64.3,
KAISO,NP_001082143.1,g40393,35.294,85,54,1,497,581,1139,1222,5.19E-10,63.9,
KAISO,NP_001082143.1,g6736,35.849,106,62,2,10,110,28,132,3.51E-10,63.9,
KAISO,NP_001082143.1,g12928,35.294,85,54,1,497,581,1072,1155,5.82E-10,63.5,
KAISO,NP_001082143.1,g60350,30,100,69,1,482,581,651,749,7.32E-10,63.2,
KAISO,NP_001082143.1,adi2mcaRNA28093_R2,40.659,91,53,1,491,581,172,261,5.44E-10,63.2,
KAISO,NP_001082143.1,adi2mcaRNA25683_R1,35.106,94,59,1,501,594,426,517,5.50E-10,63.2,
KAISO,NP_001082143.1,g38041,27.2,125,90,1,491,615,650,773,8.42E-10,63.2,
KAISO,NP_001082143.1,g38041,37.079,89,54,2,496,583,342,429,8.56E-10,63.2,
KAISO,NP_001082143.1,g67873,35.922,103,60,2,494,596,163,259,3.42E-10,62.8,
KAISO,NP_001082143.1,g65537,35.922,103,60,2,494,596,163,259,3.77E-10,62.8,
KAISO,NP_001082143.1,g32015,30.952,84,54,2,498,577,226,309,4.25E-10,62.8,
KAISO,NP_001082143.1,g51355,32.911,79,53,0,503,581,310,388,6.35E-10,62.8,
KAISO,NP_001082143.1,adi2mcaRNA32162_R5,29.323,133,86,3,491,621,284,410,7.27E-10,62.4,
KAISO,NP_001082143.1,adi2mcaRNA1589_R3,36.792,106,61,2,491,596,175,274,9.39E-10,62.4,
KAISO,NP_001082143.1,g31742,31.818,88,56,2,495,578,324,411,1.07E-09,62.4,
KAISO,NP_001082143.1,g35982,34.615,78,50,1,501,577,276,353,1.28E-09,61.6,
KAISO,NP_001082143.1,adi2mcaRNA1589_R5,37.931,87,54,0,491,577,24,110,1.93E-09,61.6,
KAISO,NP_001082143.1,g67873,32.584,89,60,0,493,581,190,278,1.35E-09,60.8,
KAISO,NP_001082143.1,g65537,32.584,89,60,0,493,581,190,278,1.49E-09,60.8,
KAISO,NP_001082143.1,adi2mcaRNA28093_R2,37.363,91,56,1,491,581,144,233,2.97E-09,60.8,
KAISO,NP_001082143.1,g32009,32.143,112,68,2,11,115,12,122,3.41E-09,60.8,
KAISO,NP_001082143.1,g41662,30.233,86,58,1,494,579,273,356,2.80E-09,60.5,
KAISO,NP_001082143.1,g12823,37.374,99,54,3,18,110,20,116,3.81E-09,60.5,
KAISO,NP_001082143.1,g5850,32.558,86,58,0,493,578,974,1059,6.16E-09,60.5,
KAISO,NP_001082143.1,g17321,32.558,86,58,0,493,578,974,1059,6.22E-09,60.5,
KAISO,NP_001082143.1,adi2mcaRNA9586_R1,33.01,103,65,2,488,590,122,220,2.20E-09,60.1,
KAISO,NP_001082143.1,adi2mcaRNA9586_R0,33.01,103,65,2,488,590,122,220,2.20E-09,60.1,
KAISO,NP_001082143.1,g1875,34.615,78,51,0,501,578,332,409,3.65E-09,60.1,
KAISO,NP_001082143.1,g49491,31.206,141,77,5,501,637,298,422,4.14E-09,60.1,
KAISO,NP_001082143.1,adi2mcaRNA17305_R7,36.264,91,57,1,491,581,286,375,5.75E-09,60.1,
KAISO,NP_001082143.1,g32329,24.865,185,120,6,426,599,254,430,6.91E-09,60.1,
KAISO,NP_001082143.1,g11739,31.206,141,77,5,501,637,276,400,5.13E-09,59.7,
KAISO,NP_001082143.1,g5850,31.765,85,58,0,497,581,1062,1146,8.45E-09,59.7,
KAISO,NP_001082143.1,g17321,31.765,85,58,0,497,581,1062,1146,8.67E-09,59.7,
KAISO,NP_001082143.1,g38390,31.818,110,69,2,14,118,13,121,6.96E-09,59.7,
KAISO,NP_001082143.1,adi2mcaRNA4436_R0,31.008,129,73,4,5,119,8,134,1.04E-08,59.3,
KAISO,NP_001082143.1,adi2mcaRNA26115_R9,35.165,91,58,1,491,581,35,124,1.00E-08,58.9,
KAISO,NP_001082143.1,g62778,28.682,129,82,3,491,619,345,463,1.42E-08,58.9,
KAISO,NP_001082143.1,g17206,28.682,129,82,3,491,619,345,463,1.42E-08,58.9,
KAISO,NP_001082143.1,g15321,32.292,96,59,3,501,596,496,585,1.50E-08,58.9,
KAISO,NP_001082143.1,g15321,37.647,85,50,1,497,578,461,545,2.14E-08,58.5,
KAISO,NP_001082143.1,adi2mcaRNA1589_R5,36.364,99,62,1,491,589,360,457,1.81E-08,58.2,
KAISO,NP_001082143.1,adi2mcaRNA23827_R4,36.364,88,56,0,491,578,100,187,9.89E-09,58.2,
KAISO,NP_001082143.1,g19648,32.911,79,53,0,503,581,324,402,1.87E-08,58.2,
KAISO,NP_001082143.1,g15408,32.292,96,59,3,501,596,671,760,3.11E-08,58.2,
KAISO,NP_001082143.1,adi2mcaRNA1589_R3,38.462,91,55,1,491,581,91,180,2.71E-08,57.8,
KAISO,NP_001082143.1,adi2mcaRNA23827_R4,35.227,88,57,0,491,578,128,215,1.64E-08,57.8,
KAISO,NP_001082143.1,g62778,30.952,84,58,0,501,584,411,494,3.19E-08,57.8,
KAISO,NP_001082143.1,g17206,30.952,84,58,0,501,584,411,494,3.19E-08,57.8,
KAISO,NP_001082143.1,g15321,28.713,101,69,2,496,596,404,501,3.84E-08,57.8,
KAISO,NP_001082143.1,adi2mcaRNA26115_R1,33.962,106,64,2,491,596,224,323,2.25E-08,57.8,
KAISO,NP_001082143.1,adi2mcaRNA26115_R1,35.354,99,63,1,491,589,280,377,2.44E-08,57.8,
KAISO,NP_001082143.1,g11830,32.911,79,53,0,503,581,310,388,2.36E-08,57.8,
KAISO,NP_001082143.1,adi2mcaRNA32162_R9,33.613,119,72,4,491,609,188,299,2.54E-08,57.8,
KAISO,NP_001082143.1,g64414,30,80,56,0,497,576,1029,1108,3.48E-08,57.8,
KAISO,NP_001082143.1,g31455,29.221,154,101,5,491,643,349,495,3.57E-08,57.8,
KAISO,NP_001082143.1,adi2mcaRNA28093_R2,35.556,90,58,0,491,580,312,401,3.43E-08,57.4,
KAISO,NP_001082143.1,g27085,26.4,125,82,3,488,608,236,354,2.43E-08,57.4,
KAISO,NP_001082143.1,adi2mcaRNA17305_R0,35.632,87,56,0,491,577,54,140,3.15E-08,57.4,
KAISO,NP_001082143.1,g47416,33.333,108,64,2,11,111,10,116,3.56E-08,57.4,
KAISO,NP_001082143.1,g48549,28.125,96,68,1,491,586,200,294,3.86E-08,57.4,
KAISO,NP_001082143.1,g21739,33.333,132,80,4,456,581,69,198,4.89E-08,57.4,
KAISO,NP_001082143.1,g32158,28.125,96,68,1,491,586,200,294,6.24E-08,57,
KAISO,NP_001082143.1,adi2mcaRNA1589_R5,35.165,91,58,1,491,581,52,141,4.16E-08,57,
KAISO,NP_001082143.1,g15408,23.739,337,225,11,247,578,411,720,5.57E-08,57,
KAISO,NP_001082143.1,adi2mcaRNA26115_R2,28.777,139,98,1,491,629,255,392,3.67E-08,57,
KAISO,NP_001082143.1,adi2mcaRNA41094_R4,35.632,87,56,0,491,577,141,227,3.80E-08,57,
KAISO,NP_001082143.1,adi2mcaRNA32162_R2,35.417,96,56,2,501,596,45,134,4.31E-08,57,
KAISO,NP_001082143.1,g33432,29.464,112,68,3,491,597,131,236,4.50E-08,57,
KAISO,NP_001082143.1,g23810,34.524,84,55,0,501,584,405,488,4.63E-08,57,
KAISO,NP_001082143.1,g25656,33.333,96,58,2,18,108,91,185,5.90E-08,57,
KAISO,NP_001082143.1,g60350,38.272,81,45,3,488,566,686,763,7.91E-08,56.6,
KAISO,NP_001082143.1,adi2mcaRNA32162_R3,38.462,91,55,1,491,581,147,236,4.84E-08,56.6,
KAISO,NP_001082143.1,adi2mcaRNA32162_R5,36.364,88,56,0,491,578,172,259,5.98E-08,56.6,
KAISO,NP_001082143.1,adi2mcaRNA17305_R7,35.789,95,60,1,487,581,114,207,5.51E-08,56.6,
KAISO,NP_001082143.1,adi2mcaRNA17305_R7,34.343,99,64,1,491,589,258,355,6.84E-08,56.6,
KAISO,NP_001082143.1,g62778,29.67,91,64,0,485,575,367,457,6.99E-08,56.6,
KAISO,NP_001082143.1,g17206,29.67,91,64,0,485,575,367,457,6.99E-08,56.6,
KAISO,NP_001082143.1,g15408,28.713,101,69,2,496,596,579,676,8.60E-08,56.6,
KAISO,NP_001082143.1,adi2mcaRNA17305_R0,36.264,91,57,1,491,581,222,311,6.09E-08,56.6,
KAISO,NP_001082143.1,adi2mcaRNA32162_R2,37.634,93,57,1,491,583,119,210,4.58E-08,56.6,
KAISO,NP_001082143.1,adi2mcaRNA32162_R4,39.506,81,48,1,501,581,288,367,4.90E-08,56.6,
KAISO,NP_001082143.1,adi2mcaRNA1589_R9,36.264,91,57,1,491,581,259,348,6.44E-08,56.6,
KAISO,NP_001082143.1,adi2mcaRNA17305_R7,36.264,91,57,1,491,581,202,291,7.79E-08,56.2,
KAISO,NP_001082143.1,adi2mcaRNA26115_R2,35.632,87,56,0,491,577,227,313,6.52E-08,56.2,
KAISO,NP_001082143.1,g33432,28.319,113,74,2,497,609,115,220,8.30E-08,56.2,
KAISO,NP_001082143.1,g50719,31.481,108,65,1,501,608,205,303,4.81E-08,56.2,
KAISO,NP_001082143.1,adi2mcaRNA37024_R4,37.634,93,57,1,491,583,136,227,4.83E-08,56.2,
KAISO,NP_001082143.1,adi2mcaRNA37024_R4,35,120,70,5,491,609,79,191,5.27E-08,56.2,
KAISO,NP_001082143.1,g62598,35,80,52,0,501,580,312,391,6.26E-08,56.2,
KAISO,NP_001082143.1,adi2mcaRNA1589_R2,36.264,91,57,1,491,581,304,393,9.38E-08,56.2,
KAISO,NP_001082143.1,g32158,32.051,78,53,0,501,578,126,203,1.20E-07,55.8,
KAISO,NP_001082143.1,adi2mcaRNA28093_R2,34.831,89,58,0,501,589,464,552,1.01E-07,55.8,
KAISO,NP_001082143.1,adi2mcaRNA32162_R5,34.483,87,57,0,491,577,200,286,1.03E-07,55.8,
KAISO,NP_001082143.1,g10573,31.481,108,65,1,501,608,186,284,4.75E-08,55.8,
KAISO,NP_001082143.1,adi2mcaRNA37024_R3,39.506,81,47,2,516,596,144,222,5.43E-08,55.8,
KAISO,NP_001082143.1,adi2mcaRNA26115_R7,42.105,76,44,0,491,566,252,327,9.77E-08,55.8,
KAISO,NP_001082143.1,adi2mcaRNA1589_R6,34.906,106,63,3,491,596,162,261,1.09E-07,55.8,
KAISO,NP_001082143.1,adi2mcaRNA28094_R1,39.506,81,48,1,501,581,256,335,1.25E-07,55.8,
KAISO,NP_001082143.1,adi2mcaRNA28094_R1,39.506,81,48,1,501,581,475,554,1.25E-07,55.8,
KAISO,NP_001082143.1,g45179,29.412,85,60,0,494,578,1257,1341,1.76E-07,55.8,
KAISO,NP_001082143.1,g5850,32.099,81,54,1,501,581,1010,1089,1.95E-07,55.5,
KAISO,NP_001082143.1,g17321,32.099,81,54,1,501,581,1010,1089,2.00E-07,55.5,
KAISO,NP_001082143.1,g15321,27.059,85,61,1,497,581,520,603,1.90E-07,55.5,
KAISO,NP_001082143.1,adi2mcaRNA32162_R9,36.559,93,58,1,491,583,244,335,1.33E-07,55.5,
KAISO,NP_001082143.1,g21739,28.182,110,71,1,497,606,171,272,1.96E-07,55.5,
KAISO,NP_001082143.1,g62598,33.333,90,59,1,501,590,228,316,1.00E-07,55.5,
KAISO,NP_001082143.1,adi2mcaRNA32162_R8,34.615,104,67,1,486,589,264,366,1.26E-07,55.5,
KAISO,NP_001082143.1,adi2mcaRNA17306_R0,37.931,87,54,0,491,577,244,330,1.29E-07,55.5,
KAISO,NP_001082143.1,g59510,28.125,96,68,1,491,586,200,294,1.45E-07,55.5,
KAISO,NP_001082143.1,g48434,31.183,93,63,1,491,583,412,503,1.61E-07,55.5,
KAISO,NP_001082143.1,adi2mcaRNA1589_R8,37.5,88,51,1,491,578,136,219,1.74E-07,55.5,
KAISO,NP_001082143.1,adi2mcaRNA15413_R1,37.363,91,56,1,491,581,422,511,1.76E-07,55.5,
KAISO,NP_001082143.1,g38041,23.077,143,99,2,501,638,548,684,2.80E-07,55.1,
KAISO,NP_001082143.1,adi2mcaRNA17305_R7,36.471,85,53,1,497,581,40,123,1.74E-07,55.1,
KAISO,NP_001082143.1,adi2mcaRNA17305_R7,36.264,91,57,1,491,581,174,263,1.85E-07,55.1,
KAISO,NP_001082143.1,adi2mcaRNA23827_R4,33.019,106,70,1,480,584,144,249,1.07E-07,55.1,
KAISO,NP_001082143.1,adi2mcaRNA26115_R9,34.343,99,64,1,491,589,259,356,1.65E-07,55.1,
KAISO,NP_001082143.1,adi2mcaRNA32162_R2,36.264,91,57,1,491,581,63,152,1.48E-07,55.1,
KAISO,NP_001082143.1,adi2mcaRNA1589_R2,35.354,99,63,1,491,589,248,345,1.95E-07,55.1,
KAISO,NP_001082143.1,g64052,30,110,69,3,474,582,251,353,1.50E-07,55.1,
KAISO,NP_001082143.1,g65907,36,75,48,0,503,577,285,359,1.67E-07,55.1,
KAISO,NP_001082143.1,g66044,33.333,78,52,0,501,578,304,381,1.70E-07,55.1,
KAISO,NP_001082143.1,adi2mcaRNA17305_R5,36.264,91,57,1,491,581,368,457,1.74E-07,55.1,
KAISO,NP_001082143.1,adi2mcaRNA17305_R5,34.409,93,60,1,491,583,170,261,2.16E-07,55.1,
KAISO,NP_001082143.1,adi2mcaRNA15413_R1,37.363,91,56,1,491,581,282,371,1.87E-07,55.1,
KAISO,NP_001082143.1,adi2mcaRNA15413_R1,36.364,88,56,0,491,578,59,146,1.99E-07,55.1,
KAISO,NP_001082143.1,g54324,31.395,86,57,1,494,577,424,509,1.79E-07,55.1,
KAISO,NP_001082143.1,g54324,26.316,190,107,6,396,580,379,540,1.90E-07,55.1,
KAISO,NP_001082143.1,adi2mcaRNA28094_R8,35.354,99,63,1,491,589,296,393,2.01E-07,55.1,
KAISO,NP_001082143.1,adi2mcaRNA26115_R4,36.264,91,57,1,491,581,169,258,2.07E-07,55.1,
KAISO,NP_001082143.1,g10296,28.916,83,57,1,503,583,580,662,2.10E-07,55.1,
KAISO,NP_001082143.1,g5181,30.769,91,62,1,491,581,344,433,2.31E-07,55.1,
KAISO,NP_001082143.1,g22490,34,100,59,2,19,111,43,142,2.36E-07,55.1,
KAISO,NP_001082143.1,g6222,28.125,96,68,1,491,586,200,294,2.46E-07,55.1,
KAISO,NP_001082143.1,adi2mcaRNA28093_R2,35.632,87,56,0,491,577,284,370,2.70E-07,54.7,
KAISO,NP_001082143.1,adi2mcaRNA26115_R9,36.735,98,61,1,484,581,84,180,1.87E-07,54.7,
KAISO,NP_001082143.1,adi2mcaRNA26115_R9,38.667,75,46,0,501,575,17,91,2.23E-07,54.7,
KAISO,NP_001082143.1,adi2mcaRNA26115_R1,36.264,91,57,1,491,581,56,145,2.04E-07,54.7,
KAISO,NP_001082143.1,adi2mcaRNA41094_R4,37.179,78,49,0,501,578,263,340,2.17E-07,54.7,
KAISO,NP_001082143.1,adi2mcaRNA32162_R2,38.462,91,55,1,491,581,175,264,2.21E-07,54.7,
KAISO,NP_001082143.1,adi2mcaRNA32162_R4,35.165,91,58,1,491,581,222,311,1.99E-07,54.7,
KAISO,NP_001082143.1,adi2mcaRNA1589_R9,34.906,106,63,3,491,596,287,386,2.68E-07,54.7,
KAISO,NP_001082143.1,adi2mcaRNA1589_R2,34.409,93,60,1,491,583,108,199,2.71E-07,54.7,
KAISO,NP_001082143.1,adi2mcaRNA26115_R7,35.484,93,59,1,491,583,280,371,2.10E-07,54.7,
KAISO,NP_001082143.1,adi2mcaRNA1589_R6,33.981,103,67,1,487,589,186,287,2.63E-07,54.7,
KAISO,NP_001082143.1,adi2mcaRNA28094_R1,34.409,93,60,1,491,583,78,169,2.49E-07,54.7,
KAISO,NP_001082143.1,adi2mcaRNA17306_R0,36.364,88,56,0,491,578,216,303,2.21E-07,54.7,
KAISO,NP_001082143.1,g59510,30.769,78,54,0,501,578,126,203,2.66E-07,54.7,
KAISO,NP_001082143.1,adi2mcaRNA32162_R0,34.483,87,57,0,491,577,106,192,2.15E-07,54.7,
KAISO,NP_001082143.1,adi2mcaRNA32162_R7,33.333,99,65,1,491,589,418,515,2.19E-07,54.7,
KAISO,NP_001082143.1,adi2mcaRNA17305_R7,34.454,119,60,3,448,566,37,137,2.83E-07,54.3,
KAISO,NP_001082143.1,adi2mcaRNA23827_R4,34.091,88,58,0,491,578,44,131,2.13E-07,54.3,
KAISO,NP_001082143.1,g62778,29.787,94,66,0,491,584,457,550,3.91E-07,54.3,
KAISO,NP_001082143.1,g17206,29.787,94,66,0,491,584,457,550,3.91E-07,54.3,
KAISO,NP_001082143.1,adi2mcaRNA32162_R9,39.474,76,46,0,491,566,328,403,2.55E-07,54.3,
KAISO,NP_001082143.1,g15408,27.16,81,58,1,501,581,699,778,4.51E-07,54.3,
KAISO,NP_001082143.1,adi2mcaRNA41094_R4,36.782,87,55,0,491,577,169,255,2.67E-07,54.3,
KAISO,NP_001082143.1,adi2mcaRNA37024_R4,39.474,76,46,0,491,566,220,295,1.94E-07,54.3,
KAISO,NP_001082143.1,g21739,35.714,84,53,1,500,583,146,228,4.61E-07,54.3,
KAISO,NP_001082143.1,g62598,32.941,85,57,0,494,578,277,361,2.33E-07,54.3,
KAISO,NP_001082143.1,adi2mcaRNA1589_R2,36.264,91,57,1,491,581,332,421,3.06E-07,54.3,
KAISO,NP_001082143.1,adi2mcaRNA1589_R2,36.842,95,59,1,487,581,160,253,3.25E-07,54.3,
KAISO,NP_001082143.1,adi2mcaRNA23827_R5,33.333,99,65,1,491,589,105,202,1.64E-07,54.3,
KAISO,NP_001082143.1,adi2mcaRNA23827_R5,36.264,91,57,1,491,581,77,166,1.76E-07,54.3,
KAISO,NP_001082143.1,adi2mcaRNA17305_R5,32.432,111,69,2,491,601,396,500,3.12E-07,54.3,
KAISO,NP_001082143.1,adi2mcaRNA1589_R8,25.668,187,113,4,420,581,12,197,3.46E-07,54.3,
KAISO,NP_001082143.1,g10296,22.59,332,218,11,274,576,220,541,3.80E-07,54.3,
KAISO,NP_001082143.1,adi2mcaRNA17305_R6,36.264,91,57,1,491,581,362,451,2.87E-07,54.3,
KAISO,NP_001082143.1,adi2mcaRNA1589_R7,35.632,87,56,0,491,577,112,198,2.91E-07,54.3,
KAISO,NP_001082143.1,adi2mcaRNA41094_R0,33.333,78,52,0,501,578,359,436,3.37E-07,54.3,
KAISO,NP_001082143.1,g33980,35,80,52,0,501,580,422,501,3.41E-07,54.3,
KAISO,NP_001082143.1,adi2mcaRNA15413_R8,35.354,99,63,1,491,589,335,432,3.52E-07,54.3,
KAISO,NP_001082143.1,g40393,24.359,78,59,0,501,578,1059,1136,5.89E-07,53.9,
KAISO,NP_001082143.1,g38041,24.37,119,80,2,501,619,632,740,5.83E-07,53.9,
KAISO,NP_001082143.1,adi2mcaRNA26115_R1,40.789,76,45,0,491,566,168,243,4.27E-07,53.9,
KAISO,NP_001082143.1,adi2mcaRNA32162_R8,35.165,91,58,1,491,581,157,246,3.54E-07,53.9,
KAISO,NP_001082143.1,g66044,33.333,78,52,0,501,578,276,353,3.68E-07,53.9,
KAISO,NP_001082143.1,adi2mcaRNA26115_R4,36.264,91,57,1,491,581,281,370,4.14E-07,53.9,
KAISO,NP_001082143.1,adi2mcaRNA32162_R0,31.868,91,61,1,491,581,218,307,2.97E-07,53.9,
KAISO,NP_001082143.1,adi2mcaRNA32162_R7,36.264,91,57,1,491,581,278,367,4.16E-07,53.9,
KAISO,NP_001082143.1,g6222,32.468,77,52,0,501,577,182,258,5.20E-07,53.9,
KAISO,NP_001082143.1,adi2mcaRNA17305_R6,35.632,87,56,0,491,577,250,336,4.70E-07,53.9,
KAISO,NP_001082143.1,g31453,27.778,144,98,1,491,634,153,290,3.18E-07,53.9,
KAISO,NP_001082143.1,g49872,31.169,77,53,0,501,577,174,250,3.29E-07,53.9,
KAISO,NP_001082143.1,adi2mcaRNA41094_R0,32.877,73,49,0,506,578,336,408,4.92E-07,53.9,
KAISO,NP_001082143.1,adi2mcaRNA32162_R1,32.692,104,64,1,480,577,188,291,3.59E-07,53.9,
KAISO,NP_001082143.1,g33984,30.556,144,66,4,471,583,344,484,3.67E-07,53.9,
KAISO,NP_001082143.1,g33586,29.63,81,56,1,501,580,551,631,4.33E-07,53.9,
KAISO,NP_001082143.1,g15386,28.409,88,59,1,493,576,369,456,4.44E-07,53.9,
KAISO,NP_001082143.1,g12928,24.359,78,59,0,501,578,992,1069,7.27E-07,53.5,
KAISO,NP_001082143.1,g38041,30,100,64,2,497,596,572,665,7.66E-07,53.5,
KAISO,NP_001082143.1,adi2mcaRNA1589_R3,32.075,106,66,2,491,596,287,386,5.48E-07,53.5,
KAISO,NP_001082143.1,adi2mcaRNA1589_R3,35.556,90,57,1,492,581,36,124,5.98E-07,53.5,
KAISO,NP_001082143.1,adi2mcaRNA17305_R0,36.264,91,57,1,491,581,334,423,5.68E-07,53.5,
KAISO,NP_001082143.1,adi2mcaRNA1589_R9,37.234,94,53,2,493,581,200,292,6.15E-07,53.5,
KAISO,NP_001082143.1,adi2mcaRNA28094_R1,35.165,91,58,1,491,581,190,279,6.04E-07,53.5,
KAISO,NP_001082143.1,g66044,34.615,78,51,0,501,578,332,409,5.63E-07,53.5,
KAISO,NP_001082143.1,g27086,30.952,84,58,0,501,584,287,370,4.29E-07,53.5,
KAISO,NP_001082143.1,g1875,31.707,82,55,1,497,578,301,381,6.77E-07,53.1,
KAISO,NP_001082143.1,adi2mcaRNA26115_R9,36.782,87,55,0,491,577,147,233,7.34E-07,53.1,
KAISO,NP_001082143.1,adi2mcaRNA32162_R9,36.559,93,58,1,491,583,76,167,7.62E-07,53.1,
KAISO,NP_001082143.1,g64414,27.778,90,65,0,491,580,1051,1140,1.10E-06,53.1,
KAISO,NP_001082143.1,g48549,32.468,77,52,0,501,577,182,258,7.13E-07,53.1,
KAISO,NP_001082143.1,adi2mcaRNA15413_R1,31.132,106,66,2,491,596,115,213,8.87E-07,53.1,
KAISO,NP_001082143.1,adi2mcaRNA28094_R8,35.165,91,58,1,491,581,184,273,9.51E-07,53.1,
KAISO,NP_001082143.1,adi2mcaRNA32162_R0,32.653,98,62,1,480,577,15,108,6.04E-07,53.1,
KAISO,NP_001082143.1,adi2mcaRNA32162_R7,29.921,127,78,3,491,612,250,370,6.98E-07,53.1,
KAISO,NP_001082143.1,adi2mcaRNA1589_R7,35.165,91,58,1,491,581,140,229,7.06E-07,53.1,
KAISO,NP_001082143.1,adi2mcaRNA32162_R3,36.264,91,57,1,491,581,287,376,7.71E-07,52.8,
KAISO,NP_001082143.1,adi2mcaRNA32162_R5,36.364,88,56,0,491,578,116,203,8.73E-07,52.8,
KAISO,NP_001082143.1,adi2mcaRNA32162_R5,34.483,87,57,0,491,577,144,230,9.28E-07,52.8,
KAISO,NP_001082143.1,adi2mcaRNA1589_R3,36.264,91,57,1,491,581,63,152,8.98E-07,52.8,
KAISO,NP_001082143.1,adi2mcaRNA23827_R4,34.091,88,58,0,491,578,72,159,5.79E-07,52.8,
KAISO,NP_001082143.1,g62778,27.381,84,61,0,501,584,327,410,1.07E-06,52.8,
KAISO,NP_001082143.1,g17206,27.381,84,61,0,501,584,327,410,1.07E-06,52.8,
KAISO,NP_001082143.1,adi2mcaRNA32162_R9,37.634,93,57,1,491,583,48,139,8.91E-07,52.8,
KAISO,NP_001082143.1,adi2mcaRNA41094_R4,34.483,87,57,0,491,577,225,311,9.34E-07,52.8,
KAISO,NP_001082143.1,adi2mcaRNA37024_R3,40.789,76,45,0,491,566,57,132,6.35E-07,52.8,
KAISO,NP_001082143.1,adi2mcaRNA1589_R2,37.037,81,50,1,501,581,202,281,1.12E-06,52.8,
KAISO,NP_001082143.1,adi2mcaRNA32162_R8,34.066,91,59,1,491,581,213,302,8.71E-07,52.8,
KAISO,NP_001082143.1,g66044,32.051,78,53,0,501,578,360,437,8.55E-07,52.8,
KAISO,NP_001082143.1,g45179,31.818,88,60,0,494,581,1520,1607,1.26E-06,52.8,
KAISO,NP_001082143.1,adi2mcaRNA28094_R8,34.066,91,59,1,491,581,240,329,1.19E-06,52.8,
KAISO,NP_001082143.1,adi2mcaRNA26115_R4,36.264,91,57,1,491,581,337,426,8.77E-07,52.8,
KAISO,NP_001082143.1,adi2mcaRNA26115_R4,31.159,138,92,3,491,627,365,500,9.08E-07,52.8,
KAISO,NP_001082143.1,adi2mcaRNA32162_R7,35.165,91,58,1,491,581,390,479,9.44E-07,52.8,
KAISO,NP_001082143.1,adi2mcaRNA1589_R7,35.556,90,57,1,492,581,29,117,9.08E-07,52.8,
KAISO,NP_001082143.1,g32158,32.468,77,52,0,501,577,182,258,1.59E-06,52.4,
KAISO,NP_001082143.1,g67873,30.588,85,59,0,493,577,134,218,9.18E-07,52.4,
KAISO,NP_001082143.1,adi2mcaRNA28093_R2,35.165,91,58,1,491,581,256,345,1.24E-06,52.4,
KAISO,NP_001082143.1,g5850,27.778,90,65,0,487,576,940,1029,1.76E-06,52.4,
KAISO,NP_001082143.1,g17321,27.778,90,65,0,487,576,940,1029,1.74E-06,52.4,
KAISO,NP_001082143.1,g62778,28.125,96,63,1,501,596,439,528,1.25E-06,52.4,
KAISO,NP_001082143.1,g17206,28.125,96,63,1,501,596,439,528,1.25E-06,52.4,
KAISO,NP_001082143.1,adi2mcaRNA26115_R1,35.165,91,58,1,491,581,196,285,1.04E-06,52.4,
KAISO,NP_001082143.1,adi2mcaRNA32162_R9,30,110,72,2,491,596,216,324,1.11E-06,52.4,
KAISO,NP_001082143.1,adi2mcaRNA32162_R9,39.474,76,46,0,491,566,104,179,1.17E-06,52.4,
KAISO,NP_001082143.1,adi2mcaRNA32162_R9,34.409,93,60,1,491,583,160,251,1.28E-06,52.4,
KAISO,NP_001082143.1,adi2mcaRNA26115_R2,27.128,188,108,4,394,577,95,257,1.26E-06,52.4,
KAISO,NP_001082143.1,adi2mcaRNA32162_R4,33.333,93,61,1,491,583,110,201,1.09E-06,52.4,
KAISO,NP_001082143.1,adi2mcaRNA1589_R6,38.272,81,49,1,501,581,88,167,1.32E-06,52.4,
KAISO,NP_001082143.1,adi2mcaRNA17306_R0,35.632,87,56,0,491,577,76,162,1.27E-06,52.4,
KAISO,NP_001082143.1,adi2mcaRNA1589_R8,35.165,91,58,1,491,581,248,337,1.29E-06,52.4,
KAISO,NP_001082143.1,adi2mcaRNA1589_R8,36.264,91,57,1,491,581,192,281,1.45E-06,52.4,
KAISO,NP_001082143.1,adi2mcaRNA28094_R8,33.654,104,63,2,491,589,446,548,1.34E-06,52.4,
KAISO,NP_001082143.1,adi2mcaRNA32162_R7,35.165,91,58,1,491,581,306,395,1.23E-06,52.4,
KAISO,NP_001082143.1,adi2mcaRNA1589_R7,37.363,91,56,1,491,581,224,313,1.19E-06,52.4,
KAISO,NP_001082143.1,adi2mcaRNA15413_R8,32.967,91,60,1,491,581,363,452,1.35E-06,52.4,
KAISO,NP_001082143.1,g15386,32.468,77,52,0,501,577,494,570,1.37E-06,52.4,
KAISO,NP_001082143.1,g65537,30.588,85,59,0,493,577,134,218,1.03E-06,52,
KAISO,NP_001082143.1,adi2mcaRNA28093_R2,38.272,81,49,1,501,581,98,177,1.61E-06,52,
KAISO,NP_001082143.1,adi2mcaRNA32162_R2,34.066,91,59,1,491,581,259,348,1.57E-06,52,
KAISO,NP_001082143.1,adi2mcaRNA37024_R4,34.021,97,63,1,487,583,160,255,1.21E-06,52,
KAISO,NP_001082143.1,adi2mcaRNA1589_R9,34.483,87,57,0,491,577,343,429,1.83E-06,52,
KAISO,NP_001082143.1,adi2mcaRNA1589_R2,37.363,91,56,1,491,581,276,365,1.87E-06,52,
KAISO,NP_001082143.1,adi2mcaRNA23827_R5,34.375,96,62,1,486,581,16,110,1.05E-06,52,
KAISO,NP_001082143.1,adi2mcaRNA23827_R5,32.353,102,68,1,491,592,133,233,1.09E-06,52,
KAISO,NP_001082143.1,adi2mcaRNA41094_R0,33.333,78,52,0,501,578,387,464,1.76E-06,52,
KAISO,NP_001082143.1,adi2mcaRNA15413_R8,31.313,99,67,1,491,589,195,292,1.82E-06,52,
KAISO,NP_001082143.1,adi2mcaRNA32162_R1,29.134,127,79,3,491,612,261,381,1.29E-06,52,
KAISO,NP_001082143.1,g38041,25.61,82,61,0,497,578,488,569,3.02E-06,51.6,
KAISO,NP_001082143.1,adi2mcaRNA1589_R3,35.632,87,56,0,491,577,147,233,2.21E-06,51.6,
KAISO,NP_001082143.1,adi2mcaRNA1589_R5,35.165,91,58,1,491,581,332,421,2.01E-06,51.6,
KAISO,NP_001082143.1,adi2mcaRNA1589_R5,35.484,93,59,1,491,583,192,283,2.12E-06,51.6,
KAISO,NP_001082143.1,adi2mcaRNA17305_R7,35.165,91,58,1,491,581,90,179,2.54E-06,51.6,
KAISO,NP_001082143.1,g5850,32.143,84,57,0,493,576,1030,1113,3.01E-06,51.6,
KAISO,NP_001082143.1,g17321,32.143,84,57,0,493,576,1030,1113,3.11E-06,51.6,
KAISO,NP_001082143.1,adi2mcaRNA26115_R9,34.066,91,59,1,491,581,175,264,2.14E-06,51.6,
KAISO,NP_001082143.1,adi2mcaRNA32162_R9,34.021,97,63,1,487,583,268,363,1.77E-06,51.6,
KAISO,NP_001082143.1,adi2mcaRNA17305_R0,38.272,81,49,1,501,581,204,283,2.03E-06,51.6,
KAISO,NP_001082143.1,adi2mcaRNA17305_R0,34.066,91,59,1,491,581,138,227,2.23E-06,51.6,
KAISO,NP_001082143.1,adi2mcaRNA32162_R2,37.363,91,56,1,491,581,287,376,1.98E-06,51.6,
KAISO,NP_001082143.1,adi2mcaRNA32162_R2,35.165,91,58,1,491,581,315,404,2.09E-06,51.6,
KAISO,NP_001082143.1,adi2mcaRNA32162_R4,34.066,91,59,1,491,581,306,395,1.79E-06,51.6,
KAISO,NP_001082143.1,adi2mcaRNA37024_R3,34.737,95,61,1,487,581,203,296,1.44E-06,51.6,
KAISO,NP_001082143.1,adi2mcaRNA1589_R2,35.165,91,58,1,491,581,220,309,2.30E-06,51.6,
KAISO,NP_001082143.1,adi2mcaRNA1589_R2,33.01,103,68,1,487,589,356,457,2.66E-06,51.6,
KAISO,NP_001082143.1,adi2mcaRNA32162_R8,29.915,117,76,2,491,607,297,407,2.04E-06,51.6,
KAISO,NP_001082143.1,adi2mcaRNA15413_R1,35.165,91,58,1,491,581,450,539,2.53E-06,51.6,
KAISO,NP_001082143.1,adi2mcaRNA32162_R7,34.066,91,59,1,491,581,166,255,2.55E-06,51.6,
KAISO,NP_001082143.1,adi2mcaRNA32162_R7,35.165,91,58,1,491,581,222,311,2.55E-06,51.6,
KAISO,NP_001082143.1,adi2mcaRNA1589_R7,36.264,91,57,1,491,581,84,173,2.30E-06,51.6,
KAISO,NP_001082143.1,adi2mcaRNA15413_R8,35.955,89,56,1,501,589,177,264,2.24E-06,51.6,
KAISO,NP_001082143.1,g32158,31.169,77,53,0,501,577,523,599,3.61E-06,51.2,
KAISO,NP_001082143.1,adi2mcaRNA32162_R3,34.066,91,59,1,491,581,63,152,2.20E-06,51.2,
KAISO,NP_001082143.1,adi2mcaRNA32162_R3,34.066,91,59,1,491,581,231,320,2.44E-06,51.2,
KAISO,NP_001082143.1,adi2mcaRNA32162_R5,33.333,87,58,0,491,577,256,342,2.48E-06,51.2,
KAISO,NP_001082143.1,adi2mcaRNA1589_R3,35.165,91,58,1,491,581,119,208,3.04E-06,51.2,
KAISO,NP_001082143.1,adi2mcaRNA1589_R3,34.483,87,57,0,491,577,259,345,3.07E-06,51.2,
KAISO,NP_001082143.1,adi2mcaRNA17305_R7,38.158,76,47,0,491,566,146,221,3.10E-06,51.2,
KAISO,NP_001082143.1,adi2mcaRNA17305_R7,38.158,76,47,0,491,566,230,305,3.10E-06,51.2,
KAISO,NP_001082143.1,adi2mcaRNA26115_R9,34.906,106,63,3,491,596,119,218,2.27E-06,51.2,
KAISO,NP_001082143.1,adi2mcaRNA32162_R9,35.484,93,59,1,491,583,132,223,2.61E-06,51.2,
KAISO,NP_001082143.1,adi2mcaRNA17305_R0,35.165,91,58,1,491,581,306,395,2.62E-06,51.2,
KAISO,NP_001082143.1,g33432,29.412,102,66,2,501,597,174,274,2.95E-06,51.2,
KAISO,NP_001082143.1,adi2mcaRNA32162_R4,35.802,81,51,1,501,581,204,283,2.56E-06,51.2,
KAISO,NP_001082143.1,adi2mcaRNA1589_R2,38.202,89,54,1,501,589,62,149,2.97E-06,51.2,
KAISO,NP_001082143.1,adi2mcaRNA1589_R6,34.483,87,57,0,491,577,330,416,3.47E-06,51.2,
KAISO,NP_001082143.1,g59510,32.468,77,52,0,501,577,182,258,2.65E-06,51.2,
KAISO,NP_001082143.1,adi2mcaRNA17305_R5,36.559,93,56,2,491,581,310,401,3.05E-06,51.2,
KAISO,NP_001082143.1,adi2mcaRNA1589_R8,35.165,91,58,1,491,581,164,253,2.99E-06,51.2,
KAISO,NP_001082143.1,adi2mcaRNA1589_R8,36.264,91,57,1,491,581,220,309,3.68E-06,51.2,
KAISO,NP_001082143.1,adi2mcaRNA15413_R1,32.955,88,59,0,491,578,478,565,3.30E-06,51.2,
KAISO,NP_001082143.1,adi2mcaRNA15413_R1,37.778,90,55,1,492,581,395,483,3.33E-06,51.2,
KAISO,NP_001082143.1,adi2mcaRNA32162_R7,39.474,76,46,0,491,566,194,269,3.06E-06,51.2,
KAISO,NP_001082143.1,g6222,29.487,78,55,0,501,578,126,203,2.97E-06,51.2,
KAISO,NP_001082143.1,adi2mcaRNA1589_R7,34.091,88,57,1,494,581,3,89,2.42E-06,51.2,
KAISO,NP_001082143.1,g15386,25,80,60,0,497,576,345,424,3.57E-06,51.2,
KAISO,NP_001082143.1,g40393,30.667,75,52,0,501,575,1087,1161,4.79E-06,50.8,
KAISO,NP_001082143.1,g12928,30.667,75,52,0,501,575,1020,1094,5.87E-06,50.8,
KAISO,NP_001082143.1,adi2mcaRNA32162_R3,35.632,87,56,0,491,577,203,289,3.40E-06,50.8,
KAISO,NP_001082143.1,g38041,27.273,110,73,2,490,592,365,474,5.09E-06,50.8,
KAISO,NP_001082143.1,adi2mcaRNA1589_R5,43.75,64,33,1,506,566,8,71,4.22E-06,50.8,
KAISO,NP_001082143.1,adi2mcaRNA17305_R7,34.066,91,59,1,491,581,314,403,3.71E-06,50.8,
KAISO,NP_001082143.1,adi2mcaRNA17305_R7,31.068,103,70,1,491,593,398,499,4.12E-06,50.8,
KAISO,NP_001082143.1,g31455,30.851,94,59,1,503,596,657,744,4.59E-06,50.8,
KAISO,NP_001082143.1,g31455,32.895,76,51,0,503,578,193,268,4.62E-06,50.8,
KAISO,NP_001082143.1,adi2mcaRNA26115_R2,36.842,76,48,0,491,566,199,274,3.06E-06,50.8,
KAISO,NP_001082143.1,adi2mcaRNA32162_R2,35.632,87,56,0,491,577,231,317,3.17E-06,50.8,
KAISO,NP_001082143.1,adi2mcaRNA37024_R4,31.183,93,63,1,491,583,108,199,2.59E-06,50.8,
KAISO,NP_001082143.1,g66044,32.877,73,49,0,506,578,253,325,3.09E-06,50.8,
KAISO,NP_001082143.1,adi2mcaRNA28094_R8,34.066,91,59,1,491,581,324,413,3.99E-06,50.8,
KAISO,NP_001082143.1,adi2mcaRNA32162_R0,37.037,81,50,1,501,581,60,139,3.16E-06,50.8,
KAISO,NP_001082143.1,g5181,24.468,188,126,7,432,613,229,406,4.32E-06,50.8,
KAISO,NP_001082143.1,adi2mcaRNA1589_R7,36.264,91,57,1,491,581,280,369,3.33E-06,50.8,
KAISO,NP_001082143.1,adi2mcaRNA15413_R8,34.737,95,58,2,487,581,54,144,3.63E-06,50.8,
KAISO,NP_001082143.1,adi2mcaRNA15413_R8,34.066,91,59,1,491,581,223,312,3.69E-06,50.8,
KAISO,NP_001082143.1,adi2mcaRNA15413_R8,38.462,78,48,0,501,578,149,226,3.79E-06,50.8,
KAISO,NP_001082143.1,adi2mcaRNA32162_R3,39.13,92,53,3,491,581,259,348,3.85E-06,50.4,
KAISO,NP_001082143.1,adi2mcaRNA32162_R5,36.842,76,48,0,491,566,228,303,4.25E-06,50.4,
KAISO,NP_001082143.1,adi2mcaRNA1589_R3,31.313,99,67,1,491,589,315,412,5.20E-06,50.4,
KAISO,NP_001082143.1,adi2mcaRNA26115_R1,33.019,106,65,2,491,596,252,351,4.56E-06,50.4,
KAISO,NP_001082143.1,adi2mcaRNA17305_R0,35.165,91,58,1,491,581,26,115,4.56E-06,50.4,
KAISO,NP_001082143.1,adi2mcaRNA41094_R4,32.967,91,60,1,491,581,197,286,4.23E-06,50.4,
KAISO,NP_001082143.1,g48549,29.487,78,55,0,501,578,126,203,4.98E-06,50.4,
KAISO,NP_001082143.1,g21739,26.891,119,79,6,480,596,830,942,7.31E-06,50.4,
KAISO,NP_001082143.1,g62598,28.235,85,61,0,492,576,191,275,4.40E-06,50.4,
KAISO,NP_001082143.1,adi2mcaRNA1589_R9,34.066,91,59,1,491,581,315,404,4.49E-06,50.4,
KAISO,NP_001082143.1,adi2mcaRNA1589_R2,32.353,102,68,1,491,592,388,488,4.99E-06,50.4,
KAISO,NP_001082143.1,adi2mcaRNA26115_R7,33.696,92,57,1,494,585,3,90,5.30E-06,50.4,
KAISO,NP_001082143.1,adi2mcaRNA28094_R1,34.066,91,59,1,491,581,493,582,4.80E-06,50.4,
KAISO,NP_001082143.1,adi2mcaRNA23827_R5,34.066,91,59,1,491,581,49,138,3.35E-06,50.4,
KAISO,NP_001082143.1,adi2mcaRNA17305_R5,35.165,91,58,1,491,581,226,315,5.72E-06,50.4,
KAISO,NP_001082143.1,adi2mcaRNA15413_R1,35.227,88,57,0,491,578,31,118,5.72E-06,50.4,
KAISO,NP_001082143.1,adi2mcaRNA41094_R0,29.885,87,60,1,501,587,471,556,4.88E-06,50.4,
KAISO,NP_001082143.1,adi2mcaRNA32162_R3,34.409,93,60,1,491,583,91,182,5.22E-06,50.1,
KAISO,NP_001082143.1,g67873,31.579,76,52,0,501,576,114,189,4.77E-06,50.1,
KAISO,NP_001082143.1,adi2mcaRNA28093_R2,35.789,95,53,5,491,581,425,515,6.78E-06,50.1,
KAISO,NP_001082143.1,adi2mcaRNA28093_R2,34.375,96,58,2,501,592,238,332,7.20E-06,50.1,
KAISO,NP_001082143.1,adi2mcaRNA1589_R3,36.842,76,48,0,491,566,231,306,5.92E-06,50.1,
KAISO,NP_001082143.1,adi2mcaRNA41094_R4,40.506,79,43,2,506,581,97,174,5.78E-06,50.1,
KAISO,NP_001082143.1,g33432,25.843,89,65,1,501,589,202,289,8.12E-06,50.1,
KAISO,NP_001082143.1,adi2mcaRNA1589_R6,36.264,91,57,1,491,581,134,223,7.02E-06,50.1,
KAISO,NP_001082143.1,adi2mcaRNA28094_R1,35.802,81,51,1,501,581,172,251,7.77E-06,50.1,
KAISO,NP_001082143.1,g65907,31.111,90,61,1,494,583,360,448,6.04E-06,50.1,
KAISO,NP_001082143.1,adi2mcaRNA17305_R5,35.165,91,56,2,491,581,144,231,7.04E-06,50.1,
KAISO,NP_001082143.1,adi2mcaRNA15413_R1,35.165,91,58,1,491,581,366,455,6.73E-06,50.1,
KAISO,NP_001082143.1,adi2mcaRNA15413_R1,36.667,90,56,1,492,581,255,343,7.15E-06,50.1,
KAISO,NP_001082143.1,adi2mcaRNA15413_R1,34.066,91,59,1,491,581,87,176,7.92E-06,50.1,
KAISO,NP_001082143.1,adi2mcaRNA17305_R6,36.842,76,48,0,491,566,222,297,6.74E-06,50.1,
KAISO,NP_001082143.1,adi2mcaRNA17305_R6,32.673,101,67,1,491,591,390,489,7.16E-06,50.1,
KAISO,NP_001082143.1,adi2mcaRNA41094_R0,32.051,78,53,0,501,578,415,492,8.17E-06,50.1,
KAISO,NP_001082143.1,g32158,29.268,82,58,0,497,578,463,544,9.49E-06,49.7,
KAISO,NP_001082143.1,g65537,31.579,76,52,0,501,576,114,189,5.54E-06,49.7,
KAISO,NP_001082143.1,adi2mcaRNA28093_R2,33.333,87,58,0,491,577,116,202,8.34E-06,49.7,
KAISO,NP_001082143.1,adi2mcaRNA17305_R7,35.802,81,52,0,486,566,365,445,8.64E-06,49.7,
KAISO,NP_001082143.1,adi2mcaRNA23827_R4,38.158,76,47,0,491,566,184,259,5.44E-06,49.7,
KAISO,NP_001082143.1,adi2mcaRNA26115_R1,34.066,91,59,1,491,581,140,229,8.45E-06,49.7,
KAISO,NP_001082143.1,adi2mcaRNA26115_R7,36.842,76,48,0,491,566,224,299,7.57E-06,49.7,
KAISO,NP_001082143.1,adi2mcaRNA26115_R7,37.349,83,51,1,501,583,94,175,8.69E-06,49.7,
KAISO,NP_001082143.1,adi2mcaRNA28094_R1,35.526,76,49,0,491,566,274,349,8.54E-06,49.7,
KAISO,NP_001082143.1,adi2mcaRNA28094_R1,36.145,83,50,2,501,581,340,421,8.62E-06,49.7,
KAISO,NP_001082143.1,adi2mcaRNA17306_R0,35.227,88,57,0,491,578,188,275,8.53E-06,49.7,
KAISO,NP_001082143.1,adi2mcaRNA17305_R5,42.424,66,38,0,501,566,350,415,8.88E-06,49.7,
KAISO,NP_001082143.1,adi2mcaRNA17305_R5,34.066,91,57,2,491,581,116,203,9.04E-06,49.7,
KAISO,NP_001082143.1,adi2mcaRNA26115_R4,30.597,134,74,4,448,581,32,146,9.72E-06,49.7,
KAISO,NP_001082143.1,adi2mcaRNA32162_R0,32.292,96,59,2,501,596,256,345,6.30E-06,49.7,
KAISO,NP_001082143.1,adi2mcaRNA1589_R7,35.165,91,58,1,491,581,308,397,8.65E-06,49.7,
KAISO,NP_001082143.1,adi2mcaRNA26115_R9,35.165,91,58,1,491,581,231,320,9.79E-06,49.3,
SOX2,PFX33320.1,g53225,91.039,279,21,3,1,279,1,275,1.77E-177,491,
SOX2,PFX33320.1,g33514,36.704,267,139,7,8,274,27,263,6.19E-38,135,
SOX2,PFX33320.1,g18777,36.704,267,139,7,8,274,27,263,6.19E-38,135,
SOX2,PFX33320.1,g50894,65.934,91,30,1,2,92,23,112,5.80E-36,132,
SOX2,PFX33320.1,g46373,62.637,91,34,0,1,91,1,91,3.26E-33,122,
SOX2,PFX33320.1,g47089,59.783,92,36,1,1,92,1,91,1.65E-30,115,
SOX2,PFX33320.1,g26430,56.667,90,38,1,6,94,8,97,1.93E-29,114,
SOX2,PFX33320.1,g40312,61.053,95,34,2,8,102,7,98,2.55E-29,112,Also in annotation as Sox2
SOX2,PFX33320.1,g47551,57.831,83,35,0,8,90,34,116,3.20E-28,110,
SOX2,PFX33320.1,g35526,57.831,83,35,0,8,90,34,116,3.20E-28,110,
SOX2,PFX33320.1,g32947,54.118,85,39,0,2,86,51,135,8.61E-27,108,
SOX2,PFX33320.1,g61800,49.398,83,42,0,1,83,24,106,1.04E-25,105,
SOX2,PFX33320.1,adi2mcaRNA28136_R0,55.422,83,37,0,8,90,39,121,1.03E-25,102,
SOX2,PFX33320.1,g47590,51.852,81,39,0,4,84,104,184,2.07E-24,102,
SOX2,PFX33320.1,g45427,41.322,121,64,1,5,118,9,129,5.17E-25,100,
SOX2,PFX33320.1,g33623,47.475,99,48,2,9,103,19,117,6.09E-23,95.5,
SOX2,PFX33320.1,g3667,55.714,70,31,0,9,78,78,147,3.01E-22,95.5,
SOX2,PFX33320.1,g33398,46.575,73,39,0,9,81,133,205,2.07E-15,76.6,
SOX2,PFX33320.1,g36450,42.254,71,41,0,8,78,402,472,5.76E-12,66.6,
SOX2,PFX33320.1,g36445,42.254,71,41,0,8,78,410,480,7.94E-12,66.2,
SOX2,PFX33320.1,g22317,35.065,77,50,0,8,84,756,832,1.65E-07,53.1,
SOX2,PFX33320.1,g24406,41.096,73,42,1,10,82,46,117,1.68E-08,52.8,
SOX2,PFX33320.1,g26515,29.577,71,50,0,6,76,244,314,1.18E-06,50.4,
CyclinB,XP_001626487.2,g71356,54.082,392,159,7,1,375,1,388,3.97E-136,394,
CyclinB,XP_001626487.2,g42214,39.812,319,168,9,63,363,127,439,8.67E-70,226,
CyclinB,XP_001626487.2,g22428,36.029,272,171,3,99,369,213,482,2.97E-51,179,
CyclinB,XP_001626487.2,g13222,29.741,232,136,3,118,331,127,349,1.57E-27,113,
CyclinB,XP_001626487.2,g69042,29.31,232,137,3,118,331,127,349,4.59E-27,112,
CyclinB,XP_001626487.2,g48619,25.095,263,185,3,105,361,259,515,8.04E-22,98.2,
CyclinB,XP_001626487.2,g32794,26.882,186,129,3,120,300,26,209,1.77E-10,62,
CyclinB,XP_001626487.2,g47592,25.688,109,79,1,147,253,38,146,4.46E-06,47.8,
TBXT,BAV53121.1,g21139,76.284,409,67,5,1,399,1,389,0,600,also in annotation as brachyury
TBXT,BAV53121.1,g18324,74.279,416,87,5,1,399,1,413,0,592,also in annotation as brachyury
TBXT,BAV53121.1,g68947,72.372,409,63,5,1,399,1,369,0,556,also in annotation as brachyury
TBXT,BAV53121.1,g26350,44.796,221,104,4,43,251,12,226,3.10E-58,195,
TBXT,BAV53121.1,g65483,46.33,218,104,3,46,250,110,327,1.51E-57,195,
TBXT,BAV53121.1,g49133,49.198,187,90,3,43,224,90,276,2.10E-56,193,
TBXT,BAV53121.1,g45441,44.397,232,115,5,32,249,68,299,2.58E-56,190,
TBXT,BAV53121.1,g49134,48.677,189,90,3,41,224,81,267,3.43E-55,190,
TBXT,BAV53121.1,g65484,46.789,218,99,6,46,249,86,300,2.52E-55,188,
TBXT,BAV53121.1,g45442,43.891,221,105,5,22,227,64,280,1.41E-53,183,
TBXT,BAV53121.1,g60210,45.455,187,95,3,48,227,64,250,1.72E-46,163,
TBXT,BAV53121.1,g46320,38.235,204,120,5,38,238,70,270,5.25E-37,140,
TBXT,BAV53121.1,g17411,38.235,204,120,5,38,238,70,270,6.18E-37,139,
TBXT,BAV53121.1,g70698,37.433,187,106,6,49,224,3,189,2.31E-33,132,
TBXT,BAV53121.1,g40418,37.433,187,106,6,49,224,3,189,2.47E-33,132,
TBXT,BAV53121.1,g50739,35.156,128,73,4,47,166,147,272,9.18E-19,86.3,
TBXT,BAV53121.1,g50738,55.769,52,18,1,191,237,5,56,1.73E-11,60.8,
WNT8,PFX17081.1,g33149,60.45,311,122,1,24,334,21,330,4.28E-153,433,
WNT8,PFX17081.1,adi2mcaRNA17113_R1,58.632,307,112,1,28,334,25,316,1.24E-143,409,
WNT8,PFX17081.1,g66857,60.317,315,122,2,21,334,1,313,7.36E-139,396,
WNT8,PFX17081.1,g33148,62.207,299,110,2,37,334,40,336,9.93E-138,394,
WNT8,PFX17081.1,g17638,61,300,115,2,35,334,19,316,4.09E-134,385,
WNT8,PFX17081.1,g33143,60.667,300,116,2,35,334,19,316,1.11E-133,384,
WNT8,PFX17081.1,g14809,55.853,299,130,2,36,333,24,321,8.48E-128,369,
WNT8,PFX17081.1,g55803,56.967,244,104,1,90,333,638,880,7.33E-100,314,
WNT8,PFX17081.1,g65046,36.964,303,180,5,35,335,56,349,9.12E-66,213,
WNT8,PFX17081.1,g1268,35.276,326,181,6,27,333,24,338,1.91E-65,210,
WNT8,PFX17081.1,g29228,35.831,307,177,6,37,333,67,363,8.59E-64,207,
WNT8,PFX17081.1,g65047,38.869,283,162,6,44,324,62,335,2.95E-62,202,
WNT8,PFX17081.1,g52433,35.667,300,171,6,44,333,242,529,2.44E-60,202,
WNT8,PFX17081.1,g52434,36.271,295,176,6,44,333,64,351,2.77E-61,200,
WNT8,PFX17081.1,g65048,35.692,325,195,8,4,324,21,335,9.14E-60,196,
WNT8,PFX17081.1,g52432,37.162,296,174,6,44,334,69,357,1.95E-59,195,
WNT8,PFX17081.1,g29257,36.634,303,168,7,39,333,62,348,3.76E-59,194,
WNT8,PFX17081.1,g65049,38.356,292,169,6,44,333,62,344,1.42E-58,192,
WNT8,PFX17081.1,g6557,30.168,358,214,8,5,333,4,354,7.32E-54,181,
WNT8,PFX17081.1,g23191,32.468,308,191,7,34,333,59,357,1.89E-53,180,
WNT8,PFX17081.1,g23174,30.746,335,205,7,10,324,70,397,1.38E-50,174,
WNT8,PFX17081.1,g29230,34.084,311,169,7,46,333,77,374,1.86E-50,172,
WNT8,PFX17081.1,g29229,33.028,327,172,8,23,315,38,351,7.63E-49,168,
WNT8,PFX17081.1,g32326,33.448,290,174,5,53,333,75,354,4.70E-47,163,
WNT8,PFX17081.1,g23190,39.286,84,49,1,250,333,12,93,4.86E-07,48.1,