Epi.gene	queryprot	gene_id	pident	length	mismatch	gapopen	qstart	qend	sstart	send	evalue	bitscore
TET1	sp|Q8NFU7|TET1_HUMAN	adi2mcaRNA27872_R0	52.632	304	133	6	1416	1717	208	502	4.89E-93	333
TET1	sp|Q8NFU7|TET1_HUMAN	adi2mcaRNA27872_R0	43.519	108	55	2	2002	2104	783	889	1.10E-17	91.3
TET1	sp|Q8NFU7|TET1_HUMAN	adi2mcaRNA27872_R0	64.706	51	18	0	585	635	31	81	3.26E-14	79.7
MBD3	sp|O95983|MBD3_HUMAN	g53132	40.824	267	130	10	5	257	7	259	3.41E-55	180
UHRF1	sp|Q96T88|UHRF1_HUMAN	adi2mcaRNA19502_R1	45.516	446	199	14	1	423	48	472	1.06E-120	380
UHRF1	sp|Q96T88|UHRF1_HUMAN	adi2mcaRNA19502_R1	51.351	259	111	3	535	793	455	698	3.60E-70	244
UHRF1	sp|Q96T88|UHRF1_HUMAN	adi2mcaRNA19502_R0	56.308	325	127	3	469	793	407	716	1.14E-107	346
UHRF1	sp|Q96T88|UHRF1_HUMAN	adi2mcaRNA19502_R0	40.082	489	246	14	1	461	31	500	1.65E-105	340
UHRF1	sp|Q96T88|UHRF1_HUMAN	g43808	43.59	78	36	4	318	395	263	332	1.20E-09	62.8
UHRF1	sp|Q96T88|UHRF1_HUMAN	g48266	40.26	77	40	3	715	787	393	467	9.16E-09	59.7
UHRF1	sp|Q96T88|UHRF1_HUMAN	g34836	46.809	47	24	1	318	364	1508	1553	1.13E-08	59.7
UHRF1	sp|Q96T88|UHRF1_HUMAN	g9822	46.809	47	24	1	318	364	1508	1553	1.22E-08	59.7
UHRF1	sp|Q96T88|UHRF1_HUMAN	g25101	50	46	22	1	318	363	210	254	2.25E-08	58.9
UHRF1	sp|Q96T88|UHRF1_HUMAN	adi2mcaRNA23472_R1	50	46	22	1	318	363	182	226	2.33E-08	58.5
UHRF1	sp|Q96T88|UHRF1_HUMAN	g37947	37.705	61	37	1	317	377	359	418	5.37E-08	56.6
UHRF1	sp|Q96T88|UHRF1_HUMAN	g45329	52.174	46	21	1	318	363	350	394	6.11E-08	57.4
UHRF1	sp|Q96T88|UHRF1_HUMAN	g13507	46.154	65	27	4	331	395	2	58	1.09E-07	56.2
UHRF1	sp|Q96T88|UHRF1_HUMAN	g16449	33.333	63	33	2	307	369	355	408	2.38E-07	55.1
UHRF1	sp|Q96T88|UHRF1_HUMAN	g37060	46.296	54	22	3	313	364	408	456	3.23E-07	55.1
UHRF1	sp|Q96T88|UHRF1_HUMAN	g37060	46.154	52	26	2	313	363	843	893	7.58E-07	53.9
UHRF1	sp|Q96T88|UHRF1_HUMAN	adi2mcaRNA21163_R1	37.838	74	44	2	1	74	16	87	5.21E-07	50.1
UHRF1	sp|Q96T88|UHRF1_HUMAN	g37994	37.838	74	44	2	1	74	1	72	6.72E-07	50.4
UHRF1	sp|Q96T88|UHRF1_HUMAN	g3076	37.838	74	44	2	1	74	1	72	1.95E-06	48.5
UHRF1	sp|Q96T88|UHRF1_HUMAN	g5456	32.941	85	42	3	288	366	383	458	4.32E-06	51.2
UHRF1	sp|Q96T88|UHRF1_HUMAN	g3614	29.114	79	55	1	714	791	6	84	6.76E-06	48.1
UHRF1	sp|Q96T88|UHRF1_HUMAN	g66743	39.062	64	29	2	317	371	226	288	9.16E-06	49.7
UHRF1	sp|Q96T88|UHRF1_HUMAN	g56707	39.062	64	29	2	317	371	226	288	9.24E-06	49.7
UHRF1	sp|Q96T88|UHRF1_HUMAN	g49654	41.509	53	26	3	313	364	246	294	9.44E-06	50.1
UHRF1	sp|Q96T88|UHRF1_HUMAN	g14603	41.509	53	26	3	313	364	246	294	9.60E-06	50.1
BRG1	sp|P51532|SMCA4_HUMAN	g68733	63.312	954	267	9	731	1647	652	1559	0	1220
BRG1	sp|P51532|SMCA4_HUMAN	g61145	63.312	954	267	9	731	1647	612	1519	0	1220
BRG1	sp|P51532|SMCA4_HUMAN	g53908	44.841	504	243	8	736	1232	124	599	9.11E-135	446
BRG1	sp|P51532|SMCA4_HUMAN	g24060	44.841	504	243	8	736	1232	124	599	9.11E-135	446
BRG1	sp|P51532|SMCA4_HUMAN	g30149	44.124	485	235	6	754	1230	525	981	1.60E-119	415
BRG1	sp|P51532|SMCA4_HUMAN	g35549	39.602	553	279	14	741	1262	762	1290	9.97E-112	395
BRG1	sp|P51532|SMCA4_HUMAN	g3893	42.744	503	243	10	754	1240	37	510	2.00E-108	370
BRG1	sp|P51532|SMCA4_HUMAN	g9128	42.744	503	243	10	754	1240	37	510	2.40E-108	370
BRG1	sp|P51532|SMCA4_HUMAN	adi2mcaRNA27141_R0	38.563	529	224	15	767	1234	25	513	9.66E-97	325
BRG1	sp|P51532|SMCA4_HUMAN	g40411	38.61	518	258	12	754	1226	330	832	2.04E-91	318
BRG1	sp|P51532|SMCA4_HUMAN	g38588	38.417	518	259	12	754	1226	329	831	2.39E-91	318
BRG1	sp|P51532|SMCA4_HUMAN	g37237	38.106	433	227	12	698	1119	930	1332	7.64E-78	288
BRG1	sp|P51532|SMCA4_HUMAN	g37237	50	156	77	1	1079	1234	1763	1917	1.07E-41	169
BRG1	sp|P51532|SMCA4_HUMAN	g48241	38.48	421	220	11	708	1119	942	1332	1.77E-77	286
BRG1	sp|P51532|SMCA4_HUMAN	g48241	50	156	77	1	1079	1234	1763	1917	1.42E-41	169
BRG1	sp|P51532|SMCA4_HUMAN	g70713	35.249	522	287	15	754	1229	1318	1834	1.17E-72	270
BRG1	sp|P51532|SMCA4_HUMAN	g34810	38.365	318	178	5	749	1053	478	790	7.12E-68	254
BRG1	sp|P51532|SMCA4_HUMAN	g34810	50.625	160	78	1	1075	1234	1264	1422	3.59E-42	171
BRG1	sp|P51532|SMCA4_HUMAN	g37238	33.401	491	285	12	752	1214	318	794	1.47E-63	236
BRG1	sp|P51532|SMCA4_HUMAN	g48242	33.401	491	285	12	752	1214	307	783	2.12E-63	235
BRG1	sp|P51532|SMCA4_HUMAN	g21633	30.467	535	294	15	753	1222	116	637	1.12E-61	231
BRG1	sp|P51532|SMCA4_HUMAN	adi2mcaRNA21955_R0	35.204	392	229	7	855	1230	20	402	3.84E-61	229
BRG1	sp|P51532|SMCA4_HUMAN	g26421	30.182	550	317	15	749	1265	115	630	1.21E-58	217
BRG1	sp|P51532|SMCA4_HUMAN	adi2mcaRNA9965_R0	40.726	248	121	5	740	964	270	514	9.30E-44	176
BRG1	sp|P51532|SMCA4_HUMAN	adi2mcaRNA9965_R0	33.871	248	132	9	1082	1313	412	643	4.04E-24	112
BRG1	sp|P51532|SMCA4_HUMAN	g2238	29.851	335	191	11	754	1053	1101	1426	1.79E-27	123
BRG1	sp|P51532|SMCA4_HUMAN	g2238	37.423	163	90	2	1079	1229	1645	1807	4.92E-22	105
BRG1	sp|P51532|SMCA4_HUMAN	g68179	26.316	456	266	13	776	1224	202	594	6.26E-26	116
BRG1	sp|P51532|SMCA4_HUMAN	adi2mcaRNA15145_R1	28.065	310	166	9	750	1013	274	572	2.72E-25	114
BRG1	sp|P51532|SMCA4_HUMAN	adi2mcaRNA6366_R1	37.423	163	90	2	1079	1229	246	408	1.18E-22	106
BRG1	sp|P51532|SMCA4_HUMAN	adi2mcaRNA18420_R0	35.955	178	108	3	1076	1250	723	897	2.40E-22	105
BRG1	sp|P51532|SMCA4_HUMAN	adi2mcaRNA18420_R0	30.144	209	126	6	870	1073	423	616	3.36E-17	89
BRG1	sp|P51532|SMCA4_HUMAN	g28263	35.256	156	80	2	1080	1214	811	966	3.47E-22	105
BRG1	sp|P51532|SMCA4_HUMAN	g28263	32.051	156	101	3	861	1013	470	623	2.56E-15	82.8
BRG1	sp|P51532|SMCA4_HUMAN	g28263	34.066	91	44	3	750	828	275	361	5.59E-08	58.9
BRG1	sp|P51532|SMCA4_HUMAN	adi2mcaRNA9764_R0	31.455	213	134	5	804	1011	22	227	2.11E-21	99.4
BRG1	sp|P51532|SMCA4_HUMAN	g5456	42.188	128	68	2	740	865	670	793	5.12E-21	100
BRG1	sp|P51532|SMCA4_HUMAN	g64135	29.167	168	110	2	1398	1565	226	384	7.00E-17	88.2
BRG1	sp|P51532|SMCA4_HUMAN	g64135	36.538	104	65	1	1454	1557	614	716	2.91E-15	82.8
BRG1	sp|P51532|SMCA4_HUMAN	g64135	45.946	74	40	0	1477	1550	468	541	3.05E-14	79.3
BRG1	sp|P51532|SMCA4_HUMAN	g64135	29.268	164	105	4	1404	1564	38	193	4.97E-14	79
BRG1	sp|P51532|SMCA4_HUMAN	g64135	34.677	124	75	1	1453	1576	767	884	8.25E-14	78.2
BRG1	sp|P51532|SMCA4_HUMAN	g12537	47.887	71	36	1	1152	1222	4	73	1.32E-12	72.8
BRG1	sp|P51532|SMCA4_HUMAN	g37401	27.642	123	82	1	1457	1579	485	600	1.79E-09	63.9
BRG1	sp|P51532|SMCA4_HUMAN	g15722	29.134	127	89	1	1098	1224	77	202	3.39E-09	61.2
BRG1	sp|P51532|SMCA4_HUMAN	g45401	30.986	142	78	7	781	913	1	131	3.72E-07	56.2
BRG1	sp|P51532|SMCA4_HUMAN	g62705	28.767	73	52	0	1475	1547	775	847	2.68E-06	53.1
BRG1	sp|P51532|SMCA4_HUMAN	g27204	25.641	156	103	3	1416	1560	665	818	2.96E-06	53.1
BRG1	sp|P51532|SMCA4_HUMAN	g20065	28.723	94	67	0	1464	1557	83	176	4.06E-06	50.1
BRG1	sp|P51532|SMCA4_HUMAN	g70886	32.877	73	49	0	1485	1557	2467	2539	4.81E-06	52.8
DNMT1	sp|P26358|DNMT1_HUMAN	g53952	52.898	1622	673	29	20	1601	8	1578	0	1619
DNMT1	sp|P26358|DNMT1_HUMAN	g48416	62.5	48	16	1	649	694	586	633	2.44E-11	69.3
DNMT1	sp|P26358|DNMT1_HUMAN	g3074	52.174	46	21	1	649	693	678	723	3.09E-06	53.1
DNMT3A	sp|Q9Y6K1|DNM3A_HUMAN	g25804	47.267	677	315	9	267	911	46	712	0	621
DNMT3A	sp|Q9Y6K1|DNM3A_HUMAN	adi2mcaRNA26694_R0	52.542	59	28	0	290	348	1316	1374	5.53E-13	74.3
MBD2	sp|Q9UBB5|MBD2_HUMAN	g53132	43.874	253	119	9	149	387	7	250	1.83E-58	192
MBD2	sp|Q9UBB5|MBD2_HUMAN	g25181	37.931	58	31	2	158	210	602	659	5.15E-06	49.7
SMG	sp|Q23972|SMG_DROME	g4639	50.485	103	49	2	597	699	338	438	3.69E-22	103
SMG	sp|Q23972|SMG_DROME	g4639	27.451	204	97	4	71	274	31	183	2.40E-16	84.7
SMG	sp|Q23972|SMG_DROME	g11098	50.485	103	49	2	597	699	313	413	3.73E-22	103
SMG	sp|Q23972|SMG_DROME	g11098	27.451	204	97	4	71	274	6	158	2.80E-16	84.3
SMG	sp|Q23972|SMG_DROME	g27048	36.364	77	48	1	584	659	398	474	1.90E-07	55.8
KAISO	sp|Q86T24|KAISO_HUMAN	g60350	36.905	84	53	0	490	573	722	805	5.94E-15	79.3
KAISO	sp|Q86T24|KAISO_HUMAN	g60350	28.972	107	70	2	483	589	659	759	8.49E-10	62.8
KAISO	sp|Q86T24|KAISO_HUMAN	g40393	35.714	84	54	0	494	577	1115	1198	3.38E-12	70.9
KAISO	sp|Q86T24|KAISO_HUMAN	g40393	36.471	85	53	1	490	574	1139	1222	2.06E-10	65.1
KAISO	sp|Q86T24|KAISO_HUMAN	g40393	23.81	84	64	0	494	577	1059	1142	3.98E-07	54.3
KAISO	sp|Q86T24|KAISO_HUMAN	g40393	36.364	66	42	0	494	559	1087	1152	1.09E-06	53.1
KAISO	sp|Q86T24|KAISO_HUMAN	g12928	35.714	84	54	0	494	577	1048	1131	4.01E-12	70.5
KAISO	sp|Q86T24|KAISO_HUMAN	g12928	36.471	85	53	1	490	574	1072	1155	2.35E-10	64.7
KAISO	sp|Q86T24|KAISO_HUMAN	g12928	23.81	84	64	0	494	577	992	1075	4.82E-07	53.9
KAISO	sp|Q86T24|KAISO_HUMAN	g12928	36.364	66	42	0	494	559	1020	1085	1.30E-06	52.8
KAISO	sp|Q86T24|KAISO_HUMAN	g34436	37.349	83	46	1	14	90	16	98	8.56E-12	68.9
KAISO	sp|Q86T24|KAISO_HUMAN	g31742	34.091	88	54	2	488	571	324	411	1.90E-11	67.8
KAISO	sp|Q86T24|KAISO_HUMAN	g38041	39.326	89	52	2	489	576	342	429	2.97E-11	67.8
KAISO	sp|Q86T24|KAISO_HUMAN	g38041	31.034	87	60	0	484	570	650	736	2.89E-09	61.2
KAISO	sp|Q86T24|KAISO_HUMAN	g38041	29.032	124	78	3	490	613	572	685	9.64E-09	59.7
KAISO	sp|Q86T24|KAISO_HUMAN	g38041	26.136	88	65	0	490	577	488	575	4.10E-07	54.3
KAISO	sp|Q86T24|KAISO_HUMAN	g38041	30.263	76	53	0	494	569	548	623	1.45E-06	52.4
KAISO	sp|Q86T24|KAISO_HUMAN	g38041	25	84	63	0	494	577	632	715	1.75E-06	52.4
KAISO	sp|Q86T24|KAISO_HUMAN	g38041	28.049	82	58	1	494	575	688	768	2.92E-06	51.6
KAISO	sp|Q86T24|KAISO_HUMAN	g38041	33.654	104	60	5	478	576	502	601	4.96E-06	50.8
KAISO	sp|Q86T24|KAISO_HUMAN	g32158	34.483	87	57	0	484	570	541	627	3.97E-11	67
KAISO	sp|Q86T24|KAISO_HUMAN	g32158	31.868	91	61	1	484	574	200	289	6.25E-09	60.1
KAISO	sp|Q86T24|KAISO_HUMAN	g32158	24.286	140	98	3	494	625	126	265	3.36E-08	57.8
KAISO	sp|Q86T24|KAISO_HUMAN	g32158	23.611	144	102	3	490	625	463	606	1.33E-06	52.4
KAISO	sp|Q86T24|KAISO_HUMAN	g67873	31.387	137	78	3	487	613	163	293	8.33E-11	64.7
KAISO	sp|Q86T24|KAISO_HUMAN	g67873	34.211	76	50	0	494	569	114	189	6.95E-07	52.4
KAISO	sp|Q86T24|KAISO_HUMAN	g67873	30.588	85	59	0	486	570	134	218	1.11E-06	52
KAISO	sp|Q86T24|KAISO_HUMAN	g65537	31.387	137	78	3	487	613	163	293	9.37E-11	64.7
KAISO	sp|Q86T24|KAISO_HUMAN	g65537	34.211	76	50	0	494	569	114	189	8.08E-07	52.4
KAISO	sp|Q86T24|KAISO_HUMAN	g65537	30.588	85	59	0	486	570	134	218	1.24E-06	51.6
KAISO	sp|Q86T24|KAISO_HUMAN	g51355	33.333	81	54	0	496	576	310	390	1.05E-10	65.1
KAISO	sp|Q86T24|KAISO_HUMAN	g51355	28.829	111	78	1	468	577	253	363	1.23E-06	52.4
KAISO	sp|Q86T24|KAISO_HUMAN	g38390	31.818	110	69	2	14	118	13	121	1.82E-10	64.7
KAISO	sp|Q86T24|KAISO_HUMAN	g5850	34.118	85	56	0	490	574	1062	1146	2.15E-10	65.1
KAISO	sp|Q86T24|KAISO_HUMAN	g5850	29.348	92	65	0	486	577	974	1065	3.75E-08	57.8
KAISO	sp|Q86T24|KAISO_HUMAN	g5850	27.778	90	65	0	480	569	940	1029	5.51E-07	53.9
KAISO	sp|Q86T24|KAISO_HUMAN	g5850	33.333	84	56	0	486	569	1030	1113	7.24E-07	53.5
KAISO	sp|Q86T24|KAISO_HUMAN	g5850	28.395	81	57	1	494	574	1010	1089	6.32E-06	50.4
KAISO	sp|Q86T24|KAISO_HUMAN	g17321	34.118	85	56	0	490	574	1062	1146	2.36E-10	64.7
KAISO	sp|Q86T24|KAISO_HUMAN	g17321	29.348	92	65	0	486	577	974	1065	4.12E-08	57.4
KAISO	sp|Q86T24|KAISO_HUMAN	g17321	27.778	90	65	0	480	569	940	1029	6.05E-07	53.9
KAISO	sp|Q86T24|KAISO_HUMAN	g17321	33.333	84	56	0	486	569	1030	1113	7.95E-07	53.5
KAISO	sp|Q86T24|KAISO_HUMAN	g17321	28.395	81	57	1	494	574	1010	1089	7.12E-06	50.4
KAISO	sp|Q86T24|KAISO_HUMAN	adi2mcaRNA32162_R5	37	100	63	0	478	577	278	377	2.40E-10	63.9
KAISO	sp|Q86T24|KAISO_HUMAN	adi2mcaRNA32162_R5	42.105	76	44	0	484	559	172	247	7.43E-09	59.3
KAISO	sp|Q86T24|KAISO_HUMAN	adi2mcaRNA32162_R5	37.647	85	53	0	484	568	200	284	9.01E-09	58.9
KAISO	sp|Q86T24|KAISO_HUMAN	adi2mcaRNA32162_R5	50	64	29	1	499	559	128	191	5.83E-08	56.2
KAISO	sp|Q86T24|KAISO_HUMAN	adi2mcaRNA32162_R5	36.471	85	54	0	484	568	256	340	1.98E-07	54.7
KAISO	sp|Q86T24|KAISO_HUMAN	adi2mcaRNA32162_R5	40.789	76	45	0	484	559	144	219	2.14E-07	54.7
KAISO	sp|Q86T24|KAISO_HUMAN	adi2mcaRNA32162_R5	39.474	76	46	0	484	559	228	303	5.15E-07	53.5
KAISO	sp|Q86T24|KAISO_HUMAN	g32015	28.571	84	56	2	491	570	226	309	2.59E-10	63.5
KAISO	sp|Q86T24|KAISO_HUMAN	g41662	32.584	89	58	1	487	575	273	359	3.00E-10	63.5
KAISO	sp|Q86T24|KAISO_HUMAN	adi2mcaRNA32162_R3	39.773	88	52	1	496	583	47	133	3.46E-10	63.2
KAISO	sp|Q86T24|KAISO_HUMAN	adi2mcaRNA32162_R3	38.462	91	55	1	484	574	147	236	3.92E-08	56.6
KAISO	sp|Q86T24|KAISO_HUMAN	adi2mcaRNA32162_R3	35.714	98	62	1	477	574	280	376	3.31E-07	53.9
KAISO	sp|Q86T24|KAISO_HUMAN	adi2mcaRNA32162_R3	41.304	92	51	3	484	574	259	348	6.38E-07	53.1
KAISO	sp|Q86T24|KAISO_HUMAN	adi2mcaRNA32162_R3	35.165	91	58	1	484	574	231	320	6.55E-07	52.8
KAISO	sp|Q86T24|KAISO_HUMAN	adi2mcaRNA32162_R3	36.471	85	54	0	484	568	203	287	8.89E-07	52.4
KAISO	sp|Q86T24|KAISO_HUMAN	adi2mcaRNA32162_R3	34.066	91	59	1	484	574	63	152	2.33E-06	51.2
KAISO	sp|Q86T24|KAISO_HUMAN	adi2mcaRNA32162_R3	28.205	156	92	3	484	625	91	240	3.54E-06	50.4
KAISO	sp|Q86T24|KAISO_HUMAN	adi2mcaRNA28093_R2	41.758	91	52	1	484	574	172	261	3.67E-10	63.5
KAISO	sp|Q86T24|KAISO_HUMAN	adi2mcaRNA28093_R2	38.462	91	55	1	484	574	144	233	8.65E-10	62.4
KAISO	sp|Q86T24|KAISO_HUMAN	adi2mcaRNA28093_R2	37.778	90	56	0	484	573	312	401	3.97E-09	60.5
KAISO	sp|Q86T24|KAISO_HUMAN	adi2mcaRNA28093_R2	38.202	89	55	0	494	582	464	552	5.19E-09	60.1
KAISO	sp|Q86T24|KAISO_HUMAN	adi2mcaRNA28093_R2	36.471	85	54	0	484	568	284	368	1.71E-07	55.1
KAISO	sp|Q86T24|KAISO_HUMAN	adi2mcaRNA28093_R2	35.165	91	58	1	484	574	256	345	8.22E-07	53.1
KAISO	sp|Q86T24|KAISO_HUMAN	adi2mcaRNA28093_R2	38.272	81	49	1	494	574	98	177	8.96E-07	52.8
KAISO	sp|Q86T24|KAISO_HUMAN	adi2mcaRNA28093_R2	38.947	95	50	5	484	574	425	515	1.09E-06	52.4
KAISO	sp|Q86T24|KAISO_HUMAN	adi2mcaRNA28093_R2	34.118	85	56	0	484	568	116	200	3.47E-06	50.8
KAISO	sp|Q86T24|KAISO_HUMAN	adi2mcaRNA28093_R2	32.075	106	67	2	484	585	228	332	5.92E-06	50.1
KAISO	sp|Q86T24|KAISO_HUMAN	adi2mcaRNA9586_R1	33.981	103	64	2	481	583	122	220	3.71E-10	62.4
KAISO	sp|Q86T24|KAISO_HUMAN	adi2mcaRNA9586_R0	33.981	103	64	2	481	583	122	220	3.71E-10	62.4
KAISO	sp|Q86T24|KAISO_HUMAN	g64414	30	110	65	1	490	587	1029	1138	4.05E-10	63.9
KAISO	sp|Q86T24|KAISO_HUMAN	g64414	31.111	90	62	0	484	573	1051	1140	6.58E-08	57
KAISO	sp|Q86T24|KAISO_HUMAN	g64414	29.333	75	53	0	494	568	1005	1079	1.73E-06	52.4
KAISO	sp|Q86T24|KAISO_HUMAN	g33586	33.077	130	74	4	447	573	512	631	4.10E-10	63.5
KAISO	sp|Q86T24|KAISO_HUMAN	adi2mcaRNA1589_R5	38.824	85	52	0	484	568	24	108	5.36E-10	63.2
KAISO	sp|Q86T24|KAISO_HUMAN	adi2mcaRNA1589_R5	36.364	99	62	1	484	582	360	457	1.23E-08	58.9
KAISO	sp|Q86T24|KAISO_HUMAN	adi2mcaRNA1589_R5	38.158	76	47	0	484	559	52	127	2.04E-08	58.2
KAISO	sp|Q86T24|KAISO_HUMAN	adi2mcaRNA1589_R5	45.312	64	32	1	499	559	8	71	5.42E-07	53.5
KAISO	sp|Q86T24|KAISO_HUMAN	adi2mcaRNA1589_R5	36.264	91	57	1	484	574	332	421	7.52E-07	53.1
KAISO	sp|Q86T24|KAISO_HUMAN	adi2mcaRNA1589_R5	35.484	93	59	1	484	576	192	283	1.34E-06	52.4
KAISO	sp|Q86T24|KAISO_HUMAN	adi2mcaRNA1589_R5	34.409	93	60	1	484	576	80	171	5.72E-06	50.1
KAISO	sp|Q86T24|KAISO_HUMAN	adi2mcaRNA1589_R5	35.227	88	53	1	484	571	248	331	8.36E-06	49.7
KAISO	sp|Q86T24|KAISO_HUMAN	adi2mcaRNA1589_R3	43.421	76	43	0	484	559	175	250	6.55E-10	62.8
KAISO	sp|Q86T24|KAISO_HUMAN	adi2mcaRNA1589_R3	37.755	98	60	1	477	574	84	180	4.21E-08	57
KAISO	sp|Q86T24|KAISO_HUMAN	adi2mcaRNA1589_R3	38.462	91	55	1	484	574	287	376	4.48E-08	57
KAISO	sp|Q86T24|KAISO_HUMAN	adi2mcaRNA1589_R3	37.778	90	55	1	485	574	36	124	7.22E-08	56.2
KAISO	sp|Q86T24|KAISO_HUMAN	adi2mcaRNA1589_R3	30.469	128	85	2	436	559	179	306	3.24E-07	54.3
KAISO	sp|Q86T24|KAISO_HUMAN	adi2mcaRNA1589_R3	37.363	91	56	1	484	574	119	208	4.09E-07	53.9
KAISO	sp|Q86T24|KAISO_HUMAN	adi2mcaRNA1589_R3	33.333	99	65	1	484	582	315	412	4.86E-07	53.5
KAISO	sp|Q86T24|KAISO_HUMAN	adi2mcaRNA1589_R3	39.474	76	46	0	484	559	63	138	5.30E-07	53.5
KAISO	sp|Q86T24|KAISO_HUMAN	adi2mcaRNA1589_R3	36.471	85	54	0	484	568	147	231	1.61E-06	52
KAISO	sp|Q86T24|KAISO_HUMAN	adi2mcaRNA1589_R3	35.294	85	55	0	484	568	259	343	2.03E-06	51.6
KAISO	sp|Q86T24|KAISO_HUMAN	adi2mcaRNA26115_R1	39.56	91	54	1	484	574	224	313	1.01E-09	62
KAISO	sp|Q86T24|KAISO_HUMAN	adi2mcaRNA26115_R1	35.354	99	63	1	484	582	280	377	1.37E-08	58.5
KAISO	sp|Q86T24|KAISO_HUMAN	adi2mcaRNA26115_R1	42.105	76	44	0	484	559	168	243	6.93E-08	56.2
KAISO	sp|Q86T24|KAISO_HUMAN	adi2mcaRNA26115_R1	39.474	76	46	0	484	559	56	131	1.61E-07	55.1
KAISO	sp|Q86T24|KAISO_HUMAN	adi2mcaRNA26115_R1	35.294	85	55	0	484	568	196	280	2.99E-07	54.3
KAISO	sp|Q86T24|KAISO_HUMAN	adi2mcaRNA26115_R1	36.264	91	57	1	484	574	252	341	1.26E-06	52.4
KAISO	sp|Q86T24|KAISO_HUMAN	adi2mcaRNA26115_R1	34.118	85	56	0	484	568	140	224	5.35E-06	50.1
KAISO	sp|Q86T24|KAISO_HUMAN	adi2mcaRNA23827_R4	36.17	94	60	0	484	577	100	193	1.18E-09	60.8
KAISO	sp|Q86T24|KAISO_HUMAN	adi2mcaRNA23827_R4	33.663	101	67	0	477	577	121	221	1.30E-09	60.8
KAISO	sp|Q86T24|KAISO_HUMAN	adi2mcaRNA23827_R4	31.193	109	69	1	484	592	44	146	1.95E-08	57.4
KAISO	sp|Q86T24|KAISO_HUMAN	adi2mcaRNA23827_R4	39.474	76	46	0	484	559	72	147	6.96E-08	55.5
KAISO	sp|Q86T24|KAISO_HUMAN	adi2mcaRNA23827_R4	31.481	108	73	1	471	577	142	249	1.32E-07	54.7
KAISO	sp|Q86T24|KAISO_HUMAN	adi2mcaRNA23827_R4	40.789	76	45	0	484	559	184	259	5.57E-07	52.8
KAISO	sp|Q86T24|KAISO_HUMAN	adi2mcaRNA23827_R4	34.043	94	62	0	484	577	16	109	6.15E-06	49.7
KAISO	sp|Q86T24|KAISO_HUMAN	g62598	37.349	83	52	0	494	576	312	394	1.27E-09	61.6
KAISO	sp|Q86T24|KAISO_HUMAN	g62598	35.484	93	56	2	487	577	277	367	5.64E-08	56.2
KAISO	sp|Q86T24|KAISO_HUMAN	g62598	29.915	117	69	3	494	603	228	338	6.43E-08	56.2
KAISO	sp|Q86T24|KAISO_HUMAN	g62598	30.263	76	53	0	494	569	200	275	4.94E-06	50.1
KAISO	sp|Q86T24|KAISO_HUMAN	g26831	31.373	102	66	1	11	108	8	109	1.33E-09	62
KAISO	sp|Q86T24|KAISO_HUMAN	adi2mcaRNA25683_R1	36.264	91	56	1	494	584	426	514	1.34E-09	62
KAISO	sp|Q86T24|KAISO_HUMAN	adi2mcaRNA25683_R1	26.126	111	72	3	481	591	389	489	3.26E-06	50.8
KAISO	sp|Q86T24|KAISO_HUMAN	g35982	34.615	78	50	1	494	570	276	353	1.44E-09	61.2
KAISO	sp|Q86T24|KAISO_HUMAN	adi2mcaRNA17305_R7	35.484	93	59	1	484	576	286	377	1.44E-09	61.6
KAISO	sp|Q86T24|KAISO_HUMAN	adi2mcaRNA17305_R7	34.343	99	64	1	484	582	258	355	7.64E-09	59.3
KAISO	sp|Q86T24|KAISO_HUMAN	adi2mcaRNA17305_R7	38.75	80	49	0	480	559	114	193	1.14E-08	58.9
KAISO	sp|Q86T24|KAISO_HUMAN	adi2mcaRNA17305_R7	39.474	76	46	0	484	559	202	277	1.33E-08	58.5
KAISO	sp|Q86T24|KAISO_HUMAN	adi2mcaRNA17305_R7	37.931	87	53	1	490	576	40	125	2.09E-08	58.2
KAISO	sp|Q86T24|KAISO_HUMAN	adi2mcaRNA17305_R7	35.484	93	59	1	484	576	174	265	2.11E-08	58.2
KAISO	sp|Q86T24|KAISO_HUMAN	adi2mcaRNA17305_R7	41.558	77	44	1	483	559	62	137	1.65E-07	55.1
KAISO	sp|Q86T24|KAISO_HUMAN	adi2mcaRNA17305_R7	30	150	92	3	435	576	37	181	3.06E-07	54.3
KAISO	sp|Q86T24|KAISO_HUMAN	adi2mcaRNA17305_R7	32.039	103	69	1	484	586	398	499	3.64E-07	53.9
KAISO	sp|Q86T24|KAISO_HUMAN	adi2mcaRNA17305_R7	39.474	76	46	0	484	559	146	221	4.55E-07	53.9
KAISO	sp|Q86T24|KAISO_HUMAN	adi2mcaRNA17305_R7	39.474	76	46	0	484	559	230	305	4.55E-07	53.9
KAISO	sp|Q86T24|KAISO_HUMAN	adi2mcaRNA17305_R7	36.842	76	48	0	484	559	314	389	1.46E-06	52
KAISO	sp|Q86T24|KAISO_HUMAN	adi2mcaRNA17305_R7	37.037	81	51	0	479	559	365	445	2.08E-06	51.6
KAISO	sp|Q86T24|KAISO_HUMAN	adi2mcaRNA17305_R7	38.75	80	41	2	484	559	342	417	6.30E-06	50.1
KAISO	sp|Q86T24|KAISO_HUMAN	g15321	38.961	77	43	1	494	570	496	568	2.15E-09	61.6
KAISO	sp|Q86T24|KAISO_HUMAN	g15321	30.233	86	59	1	490	575	520	604	4.52E-09	60.5
KAISO	sp|Q86T24|KAISO_HUMAN	g15321	31.25	112	73	2	470	577	440	551	2.93E-08	57.8
KAISO	sp|Q86T24|KAISO_HUMAN	g15321	29.703	101	68	2	489	589	404	501	3.45E-08	57.8
KAISO	sp|Q86T24|KAISO_HUMAN	g45179	31.111	90	62	0	487	576	1257	1346	2.35E-09	61.6
KAISO	sp|Q86T24|KAISO_HUMAN	g45179	33.333	90	60	0	487	576	1520	1609	5.19E-08	57.4
KAISO	sp|Q86T24|KAISO_HUMAN	adi2mcaRNA32162_R4	36.559	93	58	1	484	576	278	369	2.72E-09	60.5
KAISO	sp|Q86T24|KAISO_HUMAN	adi2mcaRNA32162_R4	36.559	93	58	1	484	576	222	313	1.66E-08	58.2
KAISO	sp|Q86T24|KAISO_HUMAN	adi2mcaRNA32162_R4	36.264	91	57	1	484	574	306	395	2.04E-07	54.7
KAISO	sp|Q86T24|KAISO_HUMAN	adi2mcaRNA32162_R4	36.145	83	52	1	494	576	204	285	2.92E-07	53.9
KAISO	sp|Q86T24|KAISO_HUMAN	adi2mcaRNA32162_R4	33.333	93	61	1	484	576	110	201	6.20E-07	53.1
KAISO	sp|Q86T24|KAISO_HUMAN	adi2mcaRNA32162_R4	35.526	76	49	0	484	559	250	325	6.94E-06	49.7
KAISO	sp|Q86T24|KAISO_HUMAN	g48549	31.868	91	61	1	484	574	200	289	2.79E-09	60.8
KAISO	sp|Q86T24|KAISO_HUMAN	g48549	32.468	77	52	0	494	570	182	258	3.25E-07	54.3
KAISO	sp|Q86T24|KAISO_HUMAN	g48549	22.857	140	100	3	494	625	126	265	1.05E-06	52.4
KAISO	sp|Q86T24|KAISO_HUMAN	g10296	33.735	83	53	1	496	576	580	662	2.92E-09	60.8
KAISO	sp|Q86T24|KAISO_HUMAN	g10296	33.333	81	44	2	494	569	466	541	8.74E-08	56.2
KAISO	sp|Q86T24|KAISO_HUMAN	g10296	32.468	77	52	0	494	570	438	514	1.69E-06	52
KAISO	sp|Q86T24|KAISO_HUMAN	g10296	26.19	168	108	5	490	657	518	669	2.31E-06	51.6
KAISO	sp|Q86T24|KAISO_HUMAN	g1875	35.526	76	49	0	494	569	332	407	3.26E-09	60.5
KAISO	sp|Q86T24|KAISO_HUMAN	g1875	28.409	88	62	1	490	577	301	387	1.22E-06	52
KAISO	sp|Q86T24|KAISO_HUMAN	adi2mcaRNA26115_R9	35.165	91	58	1	484	574	35	124	3.67E-09	60.1
KAISO	sp|Q86T24|KAISO_HUMAN	adi2mcaRNA26115_R9	40	75	45	0	494	568	17	91	2.49E-08	57.4
KAISO	sp|Q86T24|KAISO_HUMAN	adi2mcaRNA26115_R9	40.789	76	45	0	484	559	259	334	8.92E-08	55.8
KAISO	sp|Q86T24|KAISO_HUMAN	adi2mcaRNA26115_R9	39.759	83	50	0	477	559	84	166	1.12E-07	55.5
KAISO	sp|Q86T24|KAISO_HUMAN	adi2mcaRNA26115_R9	39.474	76	46	0	484	559	147	222	2.72E-07	54.3
KAISO	sp|Q86T24|KAISO_HUMAN	adi2mcaRNA26115_R9	35.165	91	58	1	484	574	175	264	3.89E-07	53.9
KAISO	sp|Q86T24|KAISO_HUMAN	adi2mcaRNA26115_R9	39.474	76	46	0	484	559	119	194	7.04E-07	52.8
KAISO	sp|Q86T24|KAISO_HUMAN	adi2mcaRNA26115_R9	36.264	91	57	1	484	574	231	320	2.40E-06	51.2
KAISO	sp|Q86T24|KAISO_HUMAN	adi2mcaRNA26115_R9	35.165	91	58	1	484	574	203	292	4.99E-06	50.1
KAISO	sp|Q86T24|KAISO_HUMAN	adi2mcaRNA26115_R9	41.026	78	46	0	484	561	287	364	5.12E-06	50.1
KAISO	sp|Q86T24|KAISO_HUMAN	adi2mcaRNA26115_R9	38.158	76	47	0	484	559	63	138	9.25E-06	49.3
KAISO	sp|Q86T24|KAISO_HUMAN	g19648	32.099	81	55	0	496	576	324	404	4.11E-09	60.1
KAISO	sp|Q86T24|KAISO_HUMAN	g19648	29.73	111	77	1	468	577	267	377	2.84E-06	51.2
KAISO	sp|Q86T24|KAISO_HUMAN	g6736	37.209	86	49	1	10	90	28	113	4.54E-09	60.5
KAISO	sp|Q86T24|KAISO_HUMAN	g15408	38.961	77	43	1	494	570	671	743	5.37E-09	60.5
KAISO	sp|Q86T24|KAISO_HUMAN	g15408	30.233	86	59	1	490	575	695	779	1.42E-08	58.9
KAISO	sp|Q86T24|KAISO_HUMAN	g15408	29.703	101	68	2	489	589	579	676	8.22E-08	56.6
KAISO	sp|Q86T24|KAISO_HUMAN	g15408	31.25	112	73	2	470	577	615	726	8.65E-08	56.6
KAISO	sp|Q86T24|KAISO_HUMAN	g11830	32.099	81	55	0	496	576	310	390	5.48E-09	59.7
KAISO	sp|Q86T24|KAISO_HUMAN	g11830	29.73	111	77	1	468	577	253	363	3.98E-06	50.8
KAISO	sp|Q86T24|KAISO_HUMAN	g33432	25.143	175	113	5	432	601	82	243	5.77E-09	60.1
KAISO	sp|Q86T24|KAISO_HUMAN	g33432	28.09	89	63	1	494	582	202	289	6.29E-08	56.6
KAISO	sp|Q86T24|KAISO_HUMAN	adi2mcaRNA41094_R4	39.474	76	46	0	484	559	141	216	7.91E-09	59.3
KAISO	sp|Q86T24|KAISO_HUMAN	adi2mcaRNA41094_R4	35.714	84	54	0	494	577	263	346	4.49E-08	56.6
KAISO	sp|Q86T24|KAISO_HUMAN	adi2mcaRNA41094_R4	35.484	93	59	1	484	576	169	260	6.70E-08	56.2
KAISO	sp|Q86T24|KAISO_HUMAN	adi2mcaRNA41094_R4	39.474	76	46	0	484	559	225	300	1.47E-07	55.1
KAISO	sp|Q86T24|KAISO_HUMAN	adi2mcaRNA41094_R4	40.506	79	43	2	499	574	97	174	2.10E-06	51.6
KAISO	sp|Q86T24|KAISO_HUMAN	adi2mcaRNA41094_R4	34.066	91	59	1	484	574	197	286	2.68E-06	51.2
KAISO	sp|Q86T24|KAISO_HUMAN	adi2mcaRNA41094_R4	36.842	76	48	0	484	559	281	356	8.35E-06	49.7
KAISO	sp|Q86T24|KAISO_HUMAN	adi2mcaRNA26115_R2	40.789	76	45	0	484	559	227	302	8.38E-09	58.9
KAISO	sp|Q86T24|KAISO_HUMAN	adi2mcaRNA26115_R2	34.314	102	66	1	484	585	255	355	1.14E-07	55.5
KAISO	sp|Q86T24|KAISO_HUMAN	adi2mcaRNA26115_R2	36.364	77	49	0	484	560	171	247	5.78E-07	53.1
KAISO	sp|Q86T24|KAISO_HUMAN	adi2mcaRNA26115_R2	36.264	91	57	1	484	574	143	232	1.07E-06	52.4
KAISO	sp|Q86T24|KAISO_HUMAN	adi2mcaRNA26115_R2	38.272	81	49	1	494	574	13	92	1.76E-06	51.6
KAISO	sp|Q86T24|KAISO_HUMAN	adi2mcaRNA17305_R0	36.471	85	54	0	484	568	54	138	8.79E-09	59.3
KAISO	sp|Q86T24|KAISO_HUMAN	adi2mcaRNA17305_R0	36.471	85	54	0	484	568	222	306	2.09E-08	58.2
KAISO	sp|Q86T24|KAISO_HUMAN	adi2mcaRNA17305_R0	36.471	85	54	0	484	568	334	418	1.99E-07	54.7
KAISO	sp|Q86T24|KAISO_HUMAN	adi2mcaRNA17305_R0	38.667	75	46	0	494	568	204	278	3.30E-07	54.3
KAISO	sp|Q86T24|KAISO_HUMAN	adi2mcaRNA17305_R0	35.294	85	55	0	484	568	26	110	7.50E-07	53.1
KAISO	sp|Q86T24|KAISO_HUMAN	adi2mcaRNA17305_R0	34.118	85	56	0	484	568	138	222	8.11E-07	52.8
KAISO	sp|Q86T24|KAISO_HUMAN	adi2mcaRNA17305_R0	35.294	85	55	0	484	568	306	390	1.09E-06	52.4
KAISO	sp|Q86T24|KAISO_HUMAN	adi2mcaRNA17305_R0	33.333	93	61	1	484	576	110	201	3.07E-06	51.2
KAISO	sp|Q86T24|KAISO_HUMAN	adi2mcaRNA17305_R0	36.842	76	48	0	484	559	82	157	5.88E-06	50.1
KAISO	sp|Q86T24|KAISO_HUMAN	adi2mcaRNA17305_R0	36.842	76	48	0	484	559	250	325	6.75E-06	50.1
KAISO	sp|Q86T24|KAISO_HUMAN	adi2mcaRNA17305_R0	32.673	101	67	1	484	584	362	461	6.87E-06	50.1
KAISO	sp|Q86T24|KAISO_HUMAN	adi2mcaRNA17305_R0	36.842	76	48	0	484	559	166	241	7.49E-06	49.7
KAISO	sp|Q86T24|KAISO_HUMAN	g49491	32.911	79	51	1	494	570	298	376	9.03E-09	58.9
KAISO	sp|Q86T24|KAISO_HUMAN	adi2mcaRNA28094_R1	39.759	83	49	1	494	576	256	337	9.64E-09	59.3
KAISO	sp|Q86T24|KAISO_HUMAN	adi2mcaRNA28094_R1	39.759	83	49	1	494	576	475	556	9.64E-09	59.3
KAISO	sp|Q86T24|KAISO_HUMAN	adi2mcaRNA28094_R1	36.559	93	58	1	484	576	190	281	6.32E-08	56.6
KAISO	sp|Q86T24|KAISO_HUMAN	adi2mcaRNA28094_R1	34.409	93	60	1	484	576	78	169	1.91E-07	55.1
KAISO	sp|Q86T24|KAISO_HUMAN	adi2mcaRNA28094_R1	36.264	91	57	1	484	574	493	582	7.12E-07	53.1
KAISO	sp|Q86T24|KAISO_HUMAN	adi2mcaRNA28094_R1	36.842	76	48	0	484	559	274	349	1.05E-06	52.8
KAISO	sp|Q86T24|KAISO_HUMAN	adi2mcaRNA28094_R1	36.145	83	52	1	494	576	172	253	1.15E-06	52.4
KAISO	sp|Q86T24|KAISO_HUMAN	adi2mcaRNA28094_R1	35.632	87	54	2	484	568	302	388	6.02E-06	50.1
KAISO	sp|Q86T24|KAISO_HUMAN	adi2mcaRNA26115_R7	43.421	76	43	0	484	559	252	327	1.03E-08	58.9
KAISO	sp|Q86T24|KAISO_HUMAN	adi2mcaRNA26115_R7	36.264	91	57	1	484	574	280	369	1.31E-07	55.5
KAISO	sp|Q86T24|KAISO_HUMAN	adi2mcaRNA26115_R7	33.333	96	64	0	484	579	140	235	4.84E-07	53.5
KAISO	sp|Q86T24|KAISO_HUMAN	adi2mcaRNA26115_R7	38.158	76	47	0	484	559	224	299	8.37E-07	52.8
KAISO	sp|Q86T24|KAISO_HUMAN	adi2mcaRNA26115_R7	43.939	66	37	0	494	559	94	159	1.21E-06	52.4
KAISO	sp|Q86T24|KAISO_HUMAN	adi2mcaRNA26115_R7	35.366	82	53	0	487	568	3	84	1.24E-06	52.4
KAISO	sp|Q86T24|KAISO_HUMAN	adi2mcaRNA26115_R7	33.333	96	64	0	484	579	28	123	1.37E-06	52
KAISO	sp|Q86T24|KAISO_HUMAN	adi2mcaRNA26115_R7	33.333	93	61	1	484	576	112	203	4.21E-06	50.4
KAISO	sp|Q86T24|KAISO_HUMAN	adi2mcaRNA26115_R7	33.333	93	61	1	484	576	56	147	7.09E-06	49.7
KAISO	sp|Q86T24|KAISO_HUMAN	adi2mcaRNA32162_R9	33.613	119	72	4	484	602	188	299	1.04E-08	58.9
KAISO	sp|Q86T24|KAISO_HUMAN	adi2mcaRNA32162_R9	40.789	76	45	0	484	559	328	403	3.93E-08	57
KAISO	sp|Q86T24|KAISO_HUMAN	adi2mcaRNA32162_R9	40.789	76	45	0	484	559	244	319	8.68E-08	55.8
KAISO	sp|Q86T24|KAISO_HUMAN	adi2mcaRNA32162_R9	32.258	93	62	1	484	576	216	307	1.54E-07	55.1
KAISO	sp|Q86T24|KAISO_HUMAN	adi2mcaRNA32162_R9	40.789	76	45	0	484	559	76	151	1.67E-07	55.1
KAISO	sp|Q86T24|KAISO_HUMAN	adi2mcaRNA32162_R9	40.789	76	45	0	484	559	104	179	1.74E-07	55.1
KAISO	sp|Q86T24|KAISO_HUMAN	adi2mcaRNA32162_R9	42.105	76	44	0	484	559	48	123	2.34E-07	54.7
KAISO	sp|Q86T24|KAISO_HUMAN	adi2mcaRNA32162_R9	37.5	80	50	0	480	559	268	347	3.98E-07	53.9
KAISO	sp|Q86T24|KAISO_HUMAN	adi2mcaRNA32162_R9	34.409	93	60	1	484	576	160	251	1.33E-06	52
KAISO	sp|Q86T24|KAISO_HUMAN	adi2mcaRNA32162_R9	35.484	93	59	1	484	576	132	223	1.60E-06	52
KAISO	sp|Q86T24|KAISO_HUMAN	adi2mcaRNA32162_R9	38.158	76	47	0	484	559	356	431	5.21E-06	50.1
KAISO	sp|Q86T24|KAISO_HUMAN	adi2mcaRNA32162_R9	32.258	93	62	1	484	576	300	391	6.87E-06	49.7
KAISO	sp|Q86T24|KAISO_HUMAN	g11739	32.911	79	51	1	494	570	276	354	1.10E-08	58.5
KAISO	sp|Q86T24|KAISO_HUMAN	g59510	31.868	91	61	1	484	574	200	289	1.25E-08	58.5
KAISO	sp|Q86T24|KAISO_HUMAN	g59510	23.571	140	99	3	494	625	126	265	5.27E-08	56.6
KAISO	sp|Q86T24|KAISO_HUMAN	adi2mcaRNA4436_R0	28.378	148	89	5	5	138	8	152	1.28E-08	58.9
KAISO	sp|Q86T24|KAISO_HUMAN	adi2mcaRNA37024_R4	35	120	70	5	484	602	79	191	1.47E-08	57.8
KAISO	sp|Q86T24|KAISO_HUMAN	adi2mcaRNA37024_R4	42.105	76	44	0	484	559	136	211	2.38E-08	57.4
KAISO	sp|Q86T24|KAISO_HUMAN	adi2mcaRNA37024_R4	40.789	76	45	0	484	559	220	295	2.70E-08	57
KAISO	sp|Q86T24|KAISO_HUMAN	adi2mcaRNA37024_R4	37.5	80	50	0	480	559	160	239	2.13E-07	54.3
KAISO	sp|Q86T24|KAISO_HUMAN	adi2mcaRNA37024_R4	31.183	93	63	1	484	576	108	199	3.09E-07	53.5
KAISO	sp|Q86T24|KAISO_HUMAN	adi2mcaRNA37024_R4	50	52	26	0	508	559	47	98	3.08E-06	50.4
KAISO	sp|Q86T24|KAISO_HUMAN	adi2mcaRNA37024_R4	38.158	76	47	0	484	559	248	323	3.84E-06	50.4
KAISO	sp|Q86T24|KAISO_HUMAN	adi2mcaRNA37024_R4	32.258	93	62	1	484	576	192	283	5.46E-06	49.7
KAISO	sp|Q86T24|KAISO_HUMAN	g65907	36.585	82	52	0	496	577	285	366	1.50E-08	58.2
KAISO	sp|Q86T24|KAISO_HUMAN	g65907	31.111	90	61	1	487	576	360	448	9.88E-07	52.4
KAISO	sp|Q86T24|KAISO_HUMAN	g65907	30.435	115	73	4	487	601	332	439	3.45E-06	50.8
KAISO	sp|Q86T24|KAISO_HUMAN	g65907	29.67	91	64	0	487	577	304	394	8.57E-06	49.7
KAISO	sp|Q86T24|KAISO_HUMAN	adi2mcaRNA23827_R5	33.333	99	65	1	484	582	105	202	1.57E-08	57.4
KAISO	sp|Q86T24|KAISO_HUMAN	adi2mcaRNA23827_R5	36.264	91	57	1	484	574	77	166	2.46E-08	57
KAISO	sp|Q86T24|KAISO_HUMAN	adi2mcaRNA23827_R5	32.353	102	68	1	484	585	133	233	2.34E-07	53.9
KAISO	sp|Q86T24|KAISO_HUMAN	adi2mcaRNA23827_R5	35.165	91	58	1	484	574	21	110	3.25E-07	53.5
KAISO	sp|Q86T24|KAISO_HUMAN	adi2mcaRNA23827_R5	34.066	91	59	1	484	574	49	138	1.18E-06	51.6
KAISO	sp|Q86T24|KAISO_HUMAN	adi2mcaRNA37024_R3	40.741	81	46	2	509	589	144	222	1.61E-08	57.4
KAISO	sp|Q86T24|KAISO_HUMAN	adi2mcaRNA37024_R3	40.964	83	49	0	477	559	50	132	6.90E-08	55.5
KAISO	sp|Q86T24|KAISO_HUMAN	adi2mcaRNA37024_R3	37.5	80	50	0	480	559	203	282	4.72E-07	53.1
KAISO	sp|Q86T24|KAISO_HUMAN	adi2mcaRNA37024_R3	30.952	126	70	3	503	625	45	156	6.35E-06	49.3
KAISO	sp|Q86T24|KAISO_HUMAN	g6222	31.868	91	61	1	484	574	200	289	1.66E-08	58.5
KAISO	sp|Q86T24|KAISO_HUMAN	g6222	32.468	77	52	0	494	570	182	258	1.99E-07	55.1
KAISO	sp|Q86T24|KAISO_HUMAN	g6222	22.857	140	100	3	494	625	126	265	3.16E-07	54.3
KAISO	sp|Q86T24|KAISO_HUMAN	adi2mcaRNA17306_R0	40	85	51	0	484	568	244	328	1.81E-08	58.2
KAISO	sp|Q86T24|KAISO_HUMAN	adi2mcaRNA17306_R0	36.364	99	58	1	484	582	216	309	3.52E-08	57.4
KAISO	sp|Q86T24|KAISO_HUMAN	adi2mcaRNA17306_R0	38.824	85	52	0	484	568	76	160	1.12E-07	55.8
KAISO	sp|Q86T24|KAISO_HUMAN	adi2mcaRNA17306_R0	36.17	94	60	0	484	577	188	281	1.11E-06	52.4
KAISO	sp|Q86T24|KAISO_HUMAN	adi2mcaRNA17306_R0	31.655	139	87	3	446	584	297	427	1.30E-06	52.4
KAISO	sp|Q86T24|KAISO_HUMAN	adi2mcaRNA17306_R0	36.17	94	60	0	484	577	48	141	1.32E-06	52.4
KAISO	sp|Q86T24|KAISO_HUMAN	adi2mcaRNA17306_R0	38.158	76	47	0	484	559	132	207	4.32E-06	50.4
KAISO	sp|Q86T24|KAISO_HUMAN	g48434	30.851	94	65	0	484	577	412	505	1.85E-08	58.5
KAISO	sp|Q86T24|KAISO_HUMAN	adi2mcaRNA1589_R6	36.471	85	54	0	484	568	162	246	2.39E-08	57.8
KAISO	sp|Q86T24|KAISO_HUMAN	adi2mcaRNA1589_R6	34.951	103	66	1	480	582	186	287	8.58E-08	56.2
KAISO	sp|Q86T24|KAISO_HUMAN	adi2mcaRNA1589_R6	40.789	76	45	0	484	559	330	405	3.38E-07	54.3
KAISO	sp|Q86T24|KAISO_HUMAN	adi2mcaRNA1589_R6	38.667	75	46	0	494	568	88	162	7.36E-07	53.1
KAISO	sp|Q86T24|KAISO_HUMAN	adi2mcaRNA1589_R6	39.474	76	46	0	484	559	134	209	2.05E-06	51.6
KAISO	sp|Q86T24|KAISO_HUMAN	adi2mcaRNA1589_R6	34.409	93	60	1	484	576	358	449	5.44E-06	50.4
KAISO	sp|Q86T24|KAISO_HUMAN	adi2mcaRNA1589_R6	42.623	61	35	0	508	568	74	134	6.35E-06	50.1
KAISO	sp|Q86T24|KAISO_HUMAN	adi2mcaRNA26115_R4	36.559	93	58	1	484	576	169	260	2.41E-08	57.8
KAISO	sp|Q86T24|KAISO_HUMAN	adi2mcaRNA26115_R4	36.559	93	58	1	484	576	281	372	3.49E-08	57.4
KAISO	sp|Q86T24|KAISO_HUMAN	adi2mcaRNA26115_R4	36.559	93	58	1	484	576	337	428	1.33E-07	55.5
KAISO	sp|Q86T24|KAISO_HUMAN	adi2mcaRNA26115_R4	34.646	127	76	5	484	607	365	487	1.69E-07	55.1
KAISO	sp|Q86T24|KAISO_HUMAN	adi2mcaRNA26115_R4	29.605	152	90	3	435	576	32	176	4.71E-07	53.5
KAISO	sp|Q86T24|KAISO_HUMAN	adi2mcaRNA26115_R4	34.409	93	60	1	484	576	225	316	1.62E-06	52
KAISO	sp|Q86T24|KAISO_HUMAN	adi2mcaRNA26115_R4	33.333	93	61	1	484	576	141	232	8.94E-06	49.7
KAISO	sp|Q86T24|KAISO_HUMAN	g62778	30.208	96	61	2	494	589	411	500	2.42E-08	58.2
KAISO	sp|Q86T24|KAISO_HUMAN	g62778	31.915	94	64	0	484	577	457	550	9.04E-08	56.2
KAISO	sp|Q86T24|KAISO_HUMAN	g62778	29.67	91	64	0	478	568	367	457	1.53E-07	55.5
KAISO	sp|Q86T24|KAISO_HUMAN	g62778	30.526	95	65	1	484	578	345	438	1.58E-07	55.5
KAISO	sp|Q86T24|KAISO_HUMAN	g62778	29.487	78	55	0	494	571	327	404	8.92E-07	52.8
KAISO	sp|Q86T24|KAISO_HUMAN	g62778	33.333	78	52	0	494	571	439	516	2.07E-06	51.6
KAISO	sp|Q86T24|KAISO_HUMAN	g17206	30.208	96	61	2	494	589	411	500	2.42E-08	58.2
KAISO	sp|Q86T24|KAISO_HUMAN	g17206	31.915	94	64	0	484	577	457	550	9.04E-08	56.2
KAISO	sp|Q86T24|KAISO_HUMAN	g17206	29.67	91	64	0	478	568	367	457	1.53E-07	55.5
KAISO	sp|Q86T24|KAISO_HUMAN	g17206	30.526	95	65	1	484	578	345	438	1.58E-07	55.5
KAISO	sp|Q86T24|KAISO_HUMAN	g17206	29.487	78	55	0	494	571	327	404	8.92E-07	52.8
KAISO	sp|Q86T24|KAISO_HUMAN	g17206	33.333	78	52	0	494	571	439	516	2.07E-06	51.6
KAISO	sp|Q86T24|KAISO_HUMAN	g66044	33.333	84	56	0	494	577	304	387	2.52E-08	57.8
KAISO	sp|Q86T24|KAISO_HUMAN	g66044	34.524	84	55	0	494	577	332	415	4.89E-08	56.6
KAISO	sp|Q86T24|KAISO_HUMAN	g66044	33.333	84	56	0	494	577	276	359	6.41E-08	56.2
KAISO	sp|Q86T24|KAISO_HUMAN	g66044	32.143	84	57	0	494	577	360	443	1.52E-07	55.1
KAISO	sp|Q86T24|KAISO_HUMAN	g66044	32.911	79	53	0	499	577	253	331	5.08E-07	53.5
KAISO	sp|Q86T24|KAISO_HUMAN	g32329	27.551	98	66	1	495	592	338	430	2.60E-08	58.2
KAISO	sp|Q86T24|KAISO_HUMAN	g32329	26.738	187	117	7	392	572	272	444	2.87E-06	51.2
KAISO	sp|Q86T24|KAISO_HUMAN	adi2mcaRNA1589_R2	35.484	93	59	1	484	576	108	199	2.82E-08	57.8
KAISO	sp|Q86T24|KAISO_HUMAN	adi2mcaRNA1589_R2	36.264	91	57	1	484	574	304	393	4.95E-08	57
KAISO	sp|Q86T24|KAISO_HUMAN	adi2mcaRNA1589_R2	37.363	91	56	1	484	574	164	253	8.52E-08	56.2
KAISO	sp|Q86T24|KAISO_HUMAN	adi2mcaRNA1589_R2	36.264	91	57	1	484	574	332	421	8.75E-08	56.2
KAISO	sp|Q86T24|KAISO_HUMAN	adi2mcaRNA1589_R2	35.354	99	63	1	484	582	248	345	1.03E-07	55.8
KAISO	sp|Q86T24|KAISO_HUMAN	adi2mcaRNA1589_R2	37.363	91	56	1	484	574	276	365	3.83E-07	53.9
KAISO	sp|Q86T24|KAISO_HUMAN	adi2mcaRNA1589_R2	37.037	81	50	1	494	574	202	281	6.42E-07	53.1
KAISO	sp|Q86T24|KAISO_HUMAN	adi2mcaRNA1589_R2	33.333	99	65	1	484	582	360	457	8.83E-07	52.8
KAISO	sp|Q86T24|KAISO_HUMAN	adi2mcaRNA1589_R2	38.202	89	54	1	494	582	62	149	1.36E-06	52.4
KAISO	sp|Q86T24|KAISO_HUMAN	adi2mcaRNA1589_R2	35.165	91	58	1	484	574	220	309	1.84E-06	52
KAISO	sp|Q86T24|KAISO_HUMAN	adi2mcaRNA1589_R2	32.353	102	68	1	484	585	388	488	2.83E-06	51.2
KAISO	sp|Q86T24|KAISO_HUMAN	adi2mcaRNA1589_R2	38.272	81	49	1	494	574	90	169	7.49E-06	50.1
KAISO	sp|Q86T24|KAISO_HUMAN	adi2mcaRNA32162_R0	34.043	94	62	0	484	577	106	199	2.88E-08	57
KAISO	sp|Q86T24|KAISO_HUMAN	adi2mcaRNA32162_R0	30.435	115	80	0	463	577	1	115	3.35E-08	57
KAISO	sp|Q86T24|KAISO_HUMAN	adi2mcaRNA32162_R0	31.868	91	61	1	484	574	218	307	7.19E-08	55.8
KAISO	sp|Q86T24|KAISO_HUMAN	adi2mcaRNA32162_R0	42.424	66	38	0	494	559	60	125	1.88E-06	51.6
KAISO	sp|Q86T24|KAISO_HUMAN	adi2mcaRNA32162_R0	38.158	76	47	0	484	559	190	265	3.14E-06	50.8
KAISO	sp|Q86T24|KAISO_HUMAN	adi2mcaRNA32162_R0	36.264	91	57	1	484	574	162	251	5.79E-06	50.1
KAISO	sp|Q86T24|KAISO_HUMAN	adi2mcaRNA32162_R0	34.409	93	60	1	484	576	274	365	6.84E-06	49.7
KAISO	sp|Q86T24|KAISO_HUMAN	g32009	32.727	110	66	2	11	113	12	120	3.19E-08	57.4
KAISO	sp|Q86T24|KAISO_HUMAN	g47416	30.769	143	84	4	10	138	9	150	3.32E-08	57.4
KAISO	sp|Q86T24|KAISO_HUMAN	g21739	39.744	78	42	2	494	570	118	191	3.43E-08	57.8
KAISO	sp|Q86T24|KAISO_HUMAN	g21739	34.951	103	61	2	493	590	146	247	5.68E-08	57
KAISO	sp|Q86T24|KAISO_HUMAN	g21739	27.273	110	72	1	490	599	171	272	2.45E-07	55.1
KAISO	sp|Q86T24|KAISO_HUMAN	g21739	28.75	80	57	0	489	568	815	894	5.71E-06	50.4
KAISO	sp|Q86T24|KAISO_HUMAN	adi2mcaRNA1589_R9	37.363	91	56	1	484	574	259	348	3.48E-08	57.4
KAISO	sp|Q86T24|KAISO_HUMAN	adi2mcaRNA1589_R9	39.474	76	46	0	484	559	287	362	1.03E-07	55.8
KAISO	sp|Q86T24|KAISO_HUMAN	adi2mcaRNA1589_R9	40.506	79	42	1	486	559	200	278	2.93E-07	54.3
KAISO	sp|Q86T24|KAISO_HUMAN	adi2mcaRNA1589_R9	38.158	76	47	0	484	559	343	418	8.94E-07	52.8
KAISO	sp|Q86T24|KAISO_HUMAN	adi2mcaRNA1589_R9	36.842	76	48	0	484	559	315	390	1.65E-06	52
KAISO	sp|Q86T24|KAISO_HUMAN	g31455	37.755	98	55	3	484	580	349	441	3.55E-08	57.8
KAISO	sp|Q86T24|KAISO_HUMAN	g31455	32.673	101	67	1	472	571	168	268	2.40E-06	51.6
KAISO	sp|Q86T24|KAISO_HUMAN	g31455	37.179	78	48	1	496	573	657	733	2.40E-06	51.6
KAISO	sp|Q86T24|KAISO_HUMAN	g31455	37.179	78	48	1	496	573	601	677	5.35E-06	50.8
KAISO	sp|Q86T24|KAISO_HUMAN	g33669	29.286	140	87	3	10	138	16	154	3.57E-08	57.4
KAISO	sp|Q86T24|KAISO_HUMAN	g64052	33.75	80	53	0	494	573	272	351	3.60E-08	57
KAISO	sp|Q86T24|KAISO_HUMAN	g54324	33.721	86	55	1	490	573	455	540	4.33E-08	57
KAISO	sp|Q86T24|KAISO_HUMAN	g54324	30.952	84	56	1	487	568	424	507	2.02E-07	55.1
KAISO	sp|Q86T24|KAISO_HUMAN	g54324	29.412	85	59	1	490	574	399	482	8.82E-07	52.8
KAISO	sp|Q86T24|KAISO_HUMAN	g5181	31.868	91	61	1	484	574	344	433	4.41E-08	57.4
KAISO	sp|Q86T24|KAISO_HUMAN	g5181	24.224	161	112	2	419	577	229	381	1.85E-06	52
KAISO	sp|Q86T24|KAISO_HUMAN	g5181	29.167	96	62	1	494	589	382	471	6.47E-06	50.4
KAISO	sp|Q86T24|KAISO_HUMAN	adi2mcaRNA41094_R0	33.333	84	56	0	494	577	359	442	5.11E-08	57
KAISO	sp|Q86T24|KAISO_HUMAN	adi2mcaRNA41094_R0	32.911	79	53	0	499	577	336	414	1.30E-07	55.5
KAISO	sp|Q86T24|KAISO_HUMAN	adi2mcaRNA41094_R0	33.333	84	56	0	494	577	387	470	2.69E-07	54.7
KAISO	sp|Q86T24|KAISO_HUMAN	adi2mcaRNA41094_R0	33.333	84	56	0	494	577	415	498	4.47E-07	53.9
KAISO	sp|Q86T24|KAISO_HUMAN	adi2mcaRNA41094_R0	31.034	87	59	1	494	580	471	556	1.06E-06	52.8
KAISO	sp|Q86T24|KAISO_HUMAN	adi2mcaRNA41094_R0	30.952	84	58	0	494	577	443	526	1.37E-06	52.4
KAISO	sp|Q86T24|KAISO_HUMAN	g27085	28.455	123	78	3	481	599	236	352	5.30E-08	56.2
KAISO	sp|Q86T24|KAISO_HUMAN	g27085	31.646	79	54	0	490	568	216	294	3.64E-06	50.4
KAISO	sp|Q86T24|KAISO_HUMAN	adi2mcaRNA17305_R5	35.165	91	58	1	484	574	368	457	5.40E-08	56.6
KAISO	sp|Q86T24|KAISO_HUMAN	adi2mcaRNA17305_R5	33.333	111	68	2	484	594	396	500	6.43E-08	56.6
KAISO	sp|Q86T24|KAISO_HUMAN	adi2mcaRNA17305_R5	34.409	93	60	1	484	576	170	261	2.19E-07	54.7
KAISO	sp|Q86T24|KAISO_HUMAN	adi2mcaRNA17305_R5	42.424	66	38	0	494	559	98	163	1.48E-06	52
KAISO	sp|Q86T24|KAISO_HUMAN	adi2mcaRNA17305_R5	42.424	66	38	0	494	559	350	415	3.30E-06	50.8
KAISO	sp|Q86T24|KAISO_HUMAN	adi2mcaRNA17305_R5	38.462	78	46	1	484	559	310	387	3.63E-06	50.8
KAISO	sp|Q86T24|KAISO_HUMAN	adi2mcaRNA17305_R5	35.165	91	56	2	484	574	144	231	4.06E-06	50.8
KAISO	sp|Q86T24|KAISO_HUMAN	adi2mcaRNA17305_R5	38.158	76	47	0	484	559	226	301	4.10E-06	50.8
KAISO	sp|Q86T24|KAISO_HUMAN	adi2mcaRNA17305_R5	34.066	91	57	2	484	574	116	203	5.54E-06	50.4
KAISO	sp|Q86T24|KAISO_HUMAN	adi2mcaRNA15413_R8	31.677	161	91	5	433	582	280	432	5.42E-08	57
KAISO	sp|Q86T24|KAISO_HUMAN	adi2mcaRNA15413_R8	37.079	89	55	1	494	582	177	264	5.19E-07	53.5
KAISO	sp|Q86T24|KAISO_HUMAN	adi2mcaRNA15413_R8	29.193	161	95	5	433	582	140	292	6.60E-07	53.1
KAISO	sp|Q86T24|KAISO_HUMAN	adi2mcaRNA15413_R8	33.333	93	61	1	484	576	363	454	8.48E-07	53.1
KAISO	sp|Q86T24|KAISO_HUMAN	adi2mcaRNA15413_R8	33.333	93	61	1	484	576	223	314	1.73E-06	52
KAISO	sp|Q86T24|KAISO_HUMAN	adi2mcaRNA15413_R8	33	100	63	2	477	576	51	146	2.26E-06	51.6
KAISO	sp|Q86T24|KAISO_HUMAN	adi2mcaRNA1589_R8	35.165	91	58	1	484	574	108	197	6.09E-08	56.6
KAISO	sp|Q86T24|KAISO_HUMAN	adi2mcaRNA1589_R8	37.363	91	56	1	484	574	248	337	7.55E-08	56.2
KAISO	sp|Q86T24|KAISO_HUMAN	adi2mcaRNA1589_R8	36.264	91	57	1	484	574	136	225	1.13E-07	55.8
KAISO	sp|Q86T24|KAISO_HUMAN	adi2mcaRNA1589_R8	35.165	91	58	1	484	574	164	253	4.93E-07	53.9
KAISO	sp|Q86T24|KAISO_HUMAN	adi2mcaRNA1589_R8	39.474	76	46	0	484	559	192	267	6.11E-07	53.5
KAISO	sp|Q86T24|KAISO_HUMAN	adi2mcaRNA1589_R8	36.264	91	57	1	484	574	220	309	7.57E-07	53.1
KAISO	sp|Q86T24|KAISO_HUMAN	adi2mcaRNA1589_R8	34.066	91	59	1	484	574	416	505	5.06E-06	50.4
KAISO	sp|Q86T24|KAISO_HUMAN	adi2mcaRNA1589_R8	32.353	102	68	1	484	585	472	572	6.60E-06	50.1
KAISO	sp|Q86T24|KAISO_HUMAN	g22490	35.052	97	57	2	17	108	44	139	6.73E-08	56.6
KAISO	sp|Q86T24|KAISO_HUMAN	adi2mcaRNA32162_R2	36.264	91	57	1	484	574	63	152	6.80E-08	56.2
KAISO	sp|Q86T24|KAISO_HUMAN	adi2mcaRNA32162_R2	36.559	93	58	1	484	576	119	210	8.31E-08	55.8
KAISO	sp|Q86T24|KAISO_HUMAN	adi2mcaRNA32162_R2	38.272	81	49	1	494	574	45	124	1.02E-07	55.5
KAISO	sp|Q86T24|KAISO_HUMAN	adi2mcaRNA32162_R2	38.462	91	55	1	484	574	175	264	2.01E-07	54.7
KAISO	sp|Q86T24|KAISO_HUMAN	adi2mcaRNA32162_R2	39.474	76	46	0	484	559	259	334	2.43E-07	54.3
KAISO	sp|Q86T24|KAISO_HUMAN	adi2mcaRNA32162_R2	39.56	91	54	1	484	574	287	376	3.63E-07	53.9
KAISO	sp|Q86T24|KAISO_HUMAN	adi2mcaRNA32162_R2	36.471	85	54	0	484	568	231	315	7.49E-07	52.8
KAISO	sp|Q86T24|KAISO_HUMAN	adi2mcaRNA32162_R2	35.165	91	58	1	484	574	315	404	9.24E-07	52.4
KAISO	sp|Q86T24|KAISO_HUMAN	adi2mcaRNA32162_R2	26.761	142	84	2	484	625	147	268	7.34E-06	49.7
KAISO	sp|Q86T24|KAISO_HUMAN	adi2mcaRNA32162_R8	35.354	99	63	1	484	582	269	366	6.99E-08	56.2
KAISO	sp|Q86T24|KAISO_HUMAN	adi2mcaRNA32162_R8	35.165	91	58	1	484	574	157	246	1.74E-07	55.1
KAISO	sp|Q86T24|KAISO_HUMAN	adi2mcaRNA32162_R8	34.066	91	59	1	484	574	213	302	5.71E-07	53.5
KAISO	sp|Q86T24|KAISO_HUMAN	adi2mcaRNA32162_R8	29.167	120	79	2	484	603	297	410	9.77E-07	52.8
KAISO	sp|Q86T24|KAISO_HUMAN	adi2mcaRNA32162_R8	33.333	93	61	1	484	576	45	136	2.36E-06	51.2
KAISO	sp|Q86T24|KAISO_HUMAN	adi2mcaRNA32162_R8	34.066	91	59	1	484	574	185	274	4.73E-06	50.4
KAISO	sp|Q86T24|KAISO_HUMAN	adi2mcaRNA32162_R8	37.333	75	47	0	494	568	83	157	6.68E-06	50.1
KAISO	sp|Q86T24|KAISO_HUMAN	g30209	35.802	81	51	1	494	574	252	331	7.52E-08	55.5
KAISO	sp|Q86T24|KAISO_HUMAN	adi2mcaRNA1589_R7	36.782	87	55	0	484	570	112	198	7.92E-08	56.2
KAISO	sp|Q86T24|KAISO_HUMAN	adi2mcaRNA1589_R7	34.783	92	59	1	485	576	29	119	3.32E-07	53.9
KAISO	sp|Q86T24|KAISO_HUMAN	adi2mcaRNA1589_R7	34.409	93	60	1	484	576	140	231	3.62E-07	53.9
KAISO	sp|Q86T24|KAISO_HUMAN	adi2mcaRNA1589_R7	34.444	90	58	1	487	576	3	91	3.88E-07	53.9
KAISO	sp|Q86T24|KAISO_HUMAN	adi2mcaRNA1589_R7	36.559	93	58	1	484	576	224	315	6.00E-07	53.1
KAISO	sp|Q86T24|KAISO_HUMAN	adi2mcaRNA1589_R7	39.474	76	46	0	484	559	84	159	6.89E-07	53.1
KAISO	sp|Q86T24|KAISO_HUMAN	adi2mcaRNA1589_R7	35.484	93	59	1	484	576	280	371	1.37E-06	52
KAISO	sp|Q86T24|KAISO_HUMAN	adi2mcaRNA1589_R7	34.409	93	60	1	484	576	308	399	2.76E-06	51.2
KAISO	sp|Q86T24|KAISO_HUMAN	adi2mcaRNA15413_R1	39.744	78	47	0	484	561	422	499	8.20E-08	56.2
KAISO	sp|Q86T24|KAISO_HUMAN	adi2mcaRNA15413_R1	35.106	94	61	0	484	577	59	152	8.27E-08	56.2
KAISO	sp|Q86T24|KAISO_HUMAN	adi2mcaRNA15413_R1	39.744	78	47	0	484	561	282	359	1.17E-07	55.8
KAISO	sp|Q86T24|KAISO_HUMAN	adi2mcaRNA15413_R1	41.333	75	44	0	485	559	395	469	7.67E-07	53.1
KAISO	sp|Q86T24|KAISO_HUMAN	adi2mcaRNA15413_R1	35.165	91	58	1	484	574	450	539	1.51E-06	52.4
KAISO	sp|Q86T24|KAISO_HUMAN	adi2mcaRNA15413_R1	32.075	106	65	2	484	589	115	213	1.89E-06	52
KAISO	sp|Q86T24|KAISO_HUMAN	adi2mcaRNA15413_R1	38.158	76	47	0	484	559	366	441	2.58E-06	51.6
KAISO	sp|Q86T24|KAISO_HUMAN	adi2mcaRNA15413_R1	40	75	45	0	485	559	255	329	2.62E-06	51.6
KAISO	sp|Q86T24|KAISO_HUMAN	adi2mcaRNA15413_R1	34.118	85	56	0	484	568	478	562	3.82E-06	50.8
KAISO	sp|Q86T24|KAISO_HUMAN	adi2mcaRNA15413_R1	34.043	94	62	0	484	577	31	124	4.50E-06	50.8
KAISO	sp|Q86T24|KAISO_HUMAN	adi2mcaRNA15413_R1	35.165	91	58	1	484	574	87	176	6.74E-06	50.1
KAISO	sp|Q86T24|KAISO_HUMAN	adi2mcaRNA15413_R1	37.179	78	49	0	484	561	310	387	8.95E-06	49.7
KAISO	sp|Q86T24|KAISO_HUMAN	adi2mcaRNA32162_R7	33.333	99	65	1	484	582	418	515	8.32E-08	56.2
KAISO	sp|Q86T24|KAISO_HUMAN	adi2mcaRNA32162_R7	34.043	94	62	0	484	577	278	371	1.41E-07	55.5
KAISO	sp|Q86T24|KAISO_HUMAN	adi2mcaRNA32162_R7	35.165	91	58	1	484	574	390	479	3.24E-07	54.3
KAISO	sp|Q86T24|KAISO_HUMAN	adi2mcaRNA32162_R7	40.789	76	45	0	484	559	194	269	4.82E-07	53.5
KAISO	sp|Q86T24|KAISO_HUMAN	adi2mcaRNA32162_R7	36.842	76	48	0	484	559	250	325	5.07E-07	53.5
KAISO	sp|Q86T24|KAISO_HUMAN	adi2mcaRNA32162_R7	35.165	91	58	1	484	574	306	395	5.30E-07	53.5
KAISO	sp|Q86T24|KAISO_HUMAN	adi2mcaRNA32162_R7	36.842	76	48	0	484	559	166	241	1.37E-06	52.4
KAISO	sp|Q86T24|KAISO_HUMAN	adi2mcaRNA32162_R7	35.165	91	58	1	484	574	222	311	2.01E-06	51.6
KAISO	sp|Q86T24|KAISO_HUMAN	adi2mcaRNA32162_R7	35.165	91	58	1	484	574	362	451	8.13E-06	49.7
KAISO	sp|Q86T24|KAISO_HUMAN	g24984	31.325	83	53	2	499	577	319	401	8.35E-08	56.2
KAISO	sp|Q86T24|KAISO_HUMAN	g24984	29.07	86	57	2	494	575	462	547	1.67E-06	52.4
KAISO	sp|Q86T24|KAISO_HUMAN	g24984	31.325	83	53	2	499	577	349	431	1.72E-06	52
KAISO	sp|Q86T24|KAISO_HUMAN	g10573	37.662	77	48	0	494	570	186	262	8.91E-08	55.1
KAISO	sp|Q86T24|KAISO_HUMAN	g50719	37.662	77	48	0	494	570	205	281	9.36E-08	55.1
KAISO	sp|Q86T24|KAISO_HUMAN	adi2mcaRNA17305_R6	39.474	76	46	0	484	559	250	325	1.04E-07	55.8
KAISO	sp|Q86T24|KAISO_HUMAN	adi2mcaRNA17305_R6	39.474	76	46	0	484	559	362	437	2.61E-07	54.3
KAISO	sp|Q86T24|KAISO_HUMAN	adi2mcaRNA17305_R6	35.366	82	53	0	484	565	222	303	9.73E-07	52.8
KAISO	sp|Q86T24|KAISO_HUMAN	adi2mcaRNA17305_R6	38.667	75	46	0	484	558	119	193	4.95E-06	50.4
KAISO	sp|Q86T24|KAISO_HUMAN	adi2mcaRNA17305_R6	32.673	101	67	1	484	584	390	489	6.47E-06	50.1
KAISO	sp|Q86T24|KAISO_HUMAN	adi2mcaRNA26115_R0	34.375	96	61	1	484	577	196	291	1.08E-07	55.5
KAISO	sp|Q86T24|KAISO_HUMAN	adi2mcaRNA26115_R0	35.294	85	55	0	484	568	28	112	1.10E-06	52.4
KAISO	sp|Q86T24|KAISO_HUMAN	adi2mcaRNA26115_R0	32.323	99	66	1	484	582	56	153	1.15E-06	52.4
KAISO	sp|Q86T24|KAISO_HUMAN	adi2mcaRNA26115_R0	34.615	78	50	1	483	559	224	301	3.29E-06	50.8
KAISO	sp|Q86T24|KAISO_HUMAN	adi2mcaRNA28094_R8	35.354	99	63	1	484	582	296	393	1.17E-07	55.8
KAISO	sp|Q86T24|KAISO_HUMAN	adi2mcaRNA28094_R8	33.654	104	63	2	484	582	446	548	3.76E-07	54.3
KAISO	sp|Q86T24|KAISO_HUMAN	adi2mcaRNA28094_R8	35.165	91	58	1	484	574	184	273	4.99E-07	53.9
KAISO	sp|Q86T24|KAISO_HUMAN	adi2mcaRNA28094_R8	34.066	91	59	1	484	574	240	329	8.73E-07	53.1
KAISO	sp|Q86T24|KAISO_HUMAN	adi2mcaRNA28094_R8	34.066	91	59	1	484	574	324	413	1.77E-06	52
KAISO	sp|Q86T24|KAISO_HUMAN	adi2mcaRNA28094_R8	35.526	76	49	0	484	559	479	554	3.57E-06	50.8
KAISO	sp|Q86T24|KAISO_HUMAN	adi2mcaRNA28094_R8	33.333	93	61	1	484	576	72	163	3.79E-06	50.8
KAISO	sp|Q86T24|KAISO_HUMAN	adi2mcaRNA28094_R8	34.066	91	59	1	484	574	212	301	4.35E-06	50.8
KAISO	sp|Q86T24|KAISO_HUMAN	adi2mcaRNA28094_R8	35.526	76	49	0	484	559	380	455	5.17E-06	50.4
KAISO	sp|Q86T24|KAISO_HUMAN	g29587	35.417	96	56	3	482	573	159	252	1.41E-07	53.9
KAISO	sp|Q86T24|KAISO_HUMAN	adi2mcaRNA1589_R1	35.294	85	55	0	484	568	164	248	1.66E-07	55.1
KAISO	sp|Q86T24|KAISO_HUMAN	adi2mcaRNA1589_R1	36.471	85	54	0	484	568	192	276	2.35E-07	54.7
KAISO	sp|Q86T24|KAISO_HUMAN	adi2mcaRNA1589_R1	37.333	75	47	0	494	568	90	164	1.56E-06	52
KAISO	sp|Q86T24|KAISO_HUMAN	adi2mcaRNA1589_R1	33	100	66	1	484	583	360	458	2.03E-06	51.6
KAISO	sp|Q86T24|KAISO_HUMAN	adi2mcaRNA1589_R1	38.158	76	47	0	484	559	332	407	3.60E-06	50.8
KAISO	sp|Q86T24|KAISO_HUMAN	adi2mcaRNA1589_R1	39.474	76	46	0	484	559	136	211	3.92E-06	50.8
KAISO	sp|Q86T24|KAISO_HUMAN	adi2mcaRNA1589_R1	34.409	93	60	1	484	576	220	311	6.99E-06	50.1
KAISO	sp|Q86T24|KAISO_HUMAN	adi2mcaRNA1589_R1	34.118	85	56	0	484	568	248	332	7.17E-06	50.1
KAISO	sp|Q86T24|KAISO_HUMAN	adi2mcaRNA1589_R1	43.939	66	37	0	494	559	314	379	8.60E-06	49.7
KAISO	sp|Q86T24|KAISO_HUMAN	adi2mcaRNA32162_R1	38.158	76	47	0	484	559	205	280	1.83E-07	54.7
KAISO	sp|Q86T24|KAISO_HUMAN	adi2mcaRNA32162_R1	35.484	93	59	1	484	576	289	380	5.98E-07	53.1
KAISO	sp|Q86T24|KAISO_HUMAN	adi2mcaRNA32162_R1	31.868	91	61	1	484	574	233	322	1.27E-06	52
KAISO	sp|Q86T24|KAISO_HUMAN	adi2mcaRNA32162_R1	36.842	76	48	0	484	559	261	336	4.19E-06	50.4
KAISO	sp|Q86T24|KAISO_HUMAN	adi2mcaRNA32162_R1	39.474	76	46	0	484	559	78	153	6.26E-06	49.7
KAISO	sp|Q86T24|KAISO_HUMAN	g49872	31.169	77	53	0	494	570	174	250	2.12E-07	54.3
KAISO	sp|Q86T24|KAISO_HUMAN	g12823	35.714	84	47	2	13	90	15	97	2.16E-07	54.7
TBXT	sp|O15178|TBXT_HUMAN	g68947	68.526	251	69	3	15	255	12	262	2.93E-121	358
TBXT	sp|O15178|TBXT_HUMAN	g21139	59.727	293	86	6	15	297	12	282	6.87E-113	337
TBXT	sp|O15178|TBXT_HUMAN	g18324	58	300	104	6	15	297	12	306	5.49E-109	328
TBXT	sp|O15178|TBXT_HUMAN	g26350	36.963	349	180	9	37	366	11	338	8.07E-61	202
TBXT	sp|O15178|TBXT_HUMAN	g49134	50.794	189	88	2	36	219	81	269	3.19E-59	202
TBXT	sp|O15178|TBXT_HUMAN	g49133	47.917	192	93	2	42	226	94	285	6.96E-58	198
TBXT	sp|O15178|TBXT_HUMAN	g65484	37.538	325	130	9	42	298	87	406	5.40E-55	189
TBXT	sp|O15178|TBXT_HUMAN	g45442	48	200	92	4	32	220	82	280	4.88E-54	185
TBXT	sp|O15178|TBXT_HUMAN	g65483	46.829	205	94	4	43	232	112	316	9.42E-54	186
TBXT	sp|O15178|TBXT_HUMAN	g45441	47.938	194	86	4	40	220	81	272	1.14E-53	184
TBXT	sp|O15178|TBXT_HUMAN	g60210	47.059	187	90	3	43	220	64	250	1.78E-47	167
TBXT	sp|O15178|TBXT_HUMAN	g40418	36.715	207	118	5	42	235	1	207	9.21E-40	152
TBXT	sp|O15178|TBXT_HUMAN	g70698	36.715	207	118	5	42	235	1	207	1.07E-39	152
TBXT	sp|O15178|TBXT_HUMAN	g17411	39.048	210	120	4	23	224	55	264	2.76E-38	144
TBXT	sp|O15178|TBXT_HUMAN	g46320	39.048	210	120	4	23	224	55	264	2.84E-38	144
TBXT	sp|O15178|TBXT_HUMAN	g50739	37.815	119	71	2	39	154	144	262	3.22E-20	90.9
TBXT	sp|O15178|TBXT_HUMAN	g50738	44.776	67	35	1	183	247	4	70	7.04E-11	59.3
SOX2	sp|P48431|SOX2_HUMAN	g50894	49.248	266	99	13	33	280	22	269	1.30E-56	186
SOX2	sp|P48431|SOX2_HUMAN	g33514	77.419	93	18	2	39	128	26	118	1.35E-44	153
SOX2	sp|P48431|SOX2_HUMAN	g18777	77.419	93	18	2	39	128	26	118	1.35E-44	153
SOX2	sp|P48431|SOX2_HUMAN	g46373	63.043	92	33	1	38	128	6	97	1.29E-35	129
SOX2	sp|P48431|SOX2_HUMAN	g47551	64.045	89	32	0	35	123	29	117	1.50E-34	128
SOX2	sp|P48431|SOX2_HUMAN	g35526	64.045	89	32	0	35	123	29	117	1.50E-34	128
SOX2	sp|P48431|SOX2_HUMAN	g53225	73.134	67	18	0	41	107	9	75	3.68E-31	119
SOX2	sp|P48431|SOX2_HUMAN	g32947	59.302	86	34	1	30	115	48	132	6.13E-30	118
SOX2	sp|P48431|SOX2_HUMAN	g47089	57.447	94	39	1	37	129	4	97	8.24E-30	114
SOX2	sp|P48431|SOX2_HUMAN	g40312	60.241	83	33	0	39	121	6	88	2.50E-29	112
SOX2	sp|P48431|SOX2_HUMAN	g61800	58.442	77	32	0	41	117	32	108	2.50E-28	113
SOX2	sp|P48431|SOX2_HUMAN	g26430	58.025	81	34	0	37	117	7	87	1.19E-27	109
SOX2	sp|P48431|SOX2_HUMAN	g3667	55.128	78	35	0	33	110	70	147	1.46E-27	110
SOX2	sp|P48431|SOX2_HUMAN	g45427	59.74	77	31	0	41	117	13	89	1.66E-27	108
SOX2	sp|P48431|SOX2_HUMAN	g47590	53.012	83	39	0	39	121	107	189	6.29E-27	110
SOX2	sp|P48431|SOX2_HUMAN	g33623	46.237	93	50	0	26	118	4	96	4.87E-26	104
SOX2	sp|P48431|SOX2_HUMAN	adi2mcaRNA28136_R0	28.634	227	134	5	20	241	14	217	4.51E-24	99
SOX2	sp|P48431|SOX2_HUMAN	g33398	48.837	86	43	1	34	119	127	211	7.96E-20	90.1
SOX2	sp|P48431|SOX2_HUMAN	g36450	33.333	99	66	0	12	110	374	472	1.02E-10	63.2
SOX2	sp|P48431|SOX2_HUMAN	g36445	34.043	94	62	0	17	110	387	480	4.75E-10	61.2
SOX2	sp|P48431|SOX2_HUMAN	g24406	37.5	72	45	0	42	113	46	117	4.28E-08	52
SOX2	sp|P48431|SOX2_HUMAN	g22317	31.325	83	57	0	39	121	755	837	6.72E-08	54.7
SOX2	sp|P48431|SOX2_HUMAN	g7927	30.909	110	67	2	42	147	201	305	1.40E-07	53.5
SOX2	sp|P48431|SOX2_HUMAN	g26515	32.394	71	48	0	41	111	247	317	3.22E-07	52.4
SOX2	sp|P48431|SOX2_HUMAN	g18684	27.632	76	55	0	23	98	17	92	5.61E-06	47
NANOG	sp|Q9H9S0|NANOG_HUMAN	g31757	42.857	91	51	1	63	152	53	143	1.02E-13	69.3
NANOG	sp|Q9H9S0|NANOG_HUMAN	g31758	42.391	92	47	1	67	152	77	168	5.23E-13	68.2
NANOG	sp|Q9H9S0|NANOG_HUMAN	g65498	50	76	36	2	96	170	119	193	4.27E-12	65.1
NANOG	sp|Q9H9S0|NANOG_HUMAN	g46226	47.826	69	36	0	94	162	121	189	1.59E-11	64.3
NANOG	sp|Q9H9S0|NANOG_HUMAN	g31722	34.286	140	79	3	24	163	69	195	1.65E-11	63.5
NANOG	sp|Q9H9S0|NANOG_HUMAN	g29743	33.628	113	66	1	51	154	73	185	2.69E-11	63.2
NANOG	sp|Q9H9S0|NANOG_HUMAN	g31755	47.458	59	31	0	94	152	92	150	5.94E-11	62
NANOG	sp|Q9H9S0|NANOG_HUMAN	g29744	33.333	111	59	2	42	152	119	214	8.05E-11	62.4
NANOG	sp|Q9H9S0|NANOG_HUMAN	g46352	40.909	66	39	0	94	159	128	193	8.89E-11	61.2
NANOG	sp|Q9H9S0|NANOG_HUMAN	g46225	40.698	86	38	1	67	152	75	147	1.25E-10	60.8
NANOG	sp|Q9H9S0|NANOG_HUMAN	g29745	40.698	86	45	2	96	180	118	198	1.29E-10	61.2
NANOG	sp|Q9H9S0|NANOG_HUMAN	g20698	53.226	62	29	0	94	155	101	162	1.87E-10	59.7
NANOG	sp|Q9H9S0|NANOG_HUMAN	g67497	38.235	102	59	2	65	162	94	195	3.21E-10	60.5
NANOG	sp|Q9H9S0|NANOG_HUMAN	adi2mcaRNA28690_R1	44.776	67	36	1	86	152	33	98	4.62E-10	58.2
NANOG	sp|Q9H9S0|NANOG_HUMAN	adi2mcaRNA28690_R2	44.776	67	36	1	86	152	33	98	5.29E-10	58.2
NANOG	sp|Q9H9S0|NANOG_HUMAN	g31759	35.714	112	54	4	41	152	61	154	8.37E-10	58.9
NANOG	sp|Q9H9S0|NANOG_HUMAN	g51360	43.284	67	38	0	94	160	117	183	1.21E-09	58.2
NANOG	sp|Q9H9S0|NANOG_HUMAN	g66554	33.871	124	65	3	47	165	22	133	1.27E-09	58.2
NANOG	sp|Q9H9S0|NANOG_HUMAN	g30658	35	80	52	0	76	155	100	179	1.37E-09	58.2
NANOG	sp|Q9H9S0|NANOG_HUMAN	g31723	40.541	74	44	0	94	167	133	206	1.64E-09	57.4
NANOG	sp|Q9H9S0|NANOG_HUMAN	g31756	42.857	63	36	0	95	157	100	162	1.83E-09	58.2
NANOG	sp|Q9H9S0|NANOG_HUMAN	g9971	33.333	117	71	2	67	176	51	167	1.85E-09	57.4
NANOG	sp|Q9H9S0|NANOG_HUMAN	g31725	43.243	74	42	0	87	160	151	224	2.01E-09	58.2
NANOG	sp|Q9H9S0|NANOG_HUMAN	g56893	38.542	96	55	1	54	149	105	196	2.42E-09	57
NANOG	sp|Q9H9S0|NANOG_HUMAN	g6862	36.145	83	49	2	94	176	125	203	2.44E-09	57
NANOG	sp|Q9H9S0|NANOG_HUMAN	g54277	53.846	52	24	0	98	149	151	202	2.52E-09	57.4
NANOG	sp|Q9H9S0|NANOG_HUMAN	g65497	50	60	27	1	96	155	114	170	2.53E-09	57
NANOG	sp|Q9H9S0|NANOG_HUMAN	g56204	43.75	64	36	0	92	155	107	170	2.95E-09	56.6
NANOG	sp|Q9H9S0|NANOG_HUMAN	g26809	30.392	102	60	1	81	182	15	105	3.07E-09	57
NANOG	sp|Q9H9S0|NANOG_HUMAN	g31724	41.429	70	41	0	94	163	126	195	3.33E-09	56.6
NANOG	sp|Q9H9S0|NANOG_HUMAN	adi2mcaRNA6651_R0	33.913	115	61	3	55	159	14	123	3.38E-09	56.2
NANOG	sp|Q9H9S0|NANOG_HUMAN	g9973	42.424	66	35	1	94	159	82	144	3.42E-09	56.6
NANOG	sp|Q9H9S0|NANOG_HUMAN	g50763	42.424	66	35	1	94	159	82	144	3.42E-09	56.6
NANOG	sp|Q9H9S0|NANOG_HUMAN	g665	42.647	68	36	1	88	155	157	221	3.47E-09	57
NANOG	sp|Q9H9S0|NANOG_HUMAN	g33404	42.647	68	36	1	88	155	157	221	3.57E-09	57
NANOG	sp|Q9H9S0|NANOG_HUMAN	g66558	34.884	86	48	2	79	159	118	200	4.94E-09	56.2
NANOG	sp|Q9H9S0|NANOG_HUMAN	g13112	53.846	52	24	0	98	149	146	197	5.93E-09	55.8
NANOG	sp|Q9H9S0|NANOG_HUMAN	g64429	45.763	59	32	0	94	152	123	181	6.05E-09	56.2
NANOG	sp|Q9H9S0|NANOG_HUMAN	g56214	34.677	124	69	5	64	186	115	227	6.93E-09	56.2
NANOG	sp|Q9H9S0|NANOG_HUMAN	g64313	40	70	39	1	88	157	125	191	8.95E-09	55.5
NANOG	sp|Q9H9S0|NANOG_HUMAN	g40290	42.373	59	34	0	96	154	97	155	9.76E-09	55.1
NANOG	sp|Q9H9S0|NANOG_HUMAN	g29739	34.921	126	66	2	31	152	64	177	2.06E-08	54.3
NANOG	sp|Q9H9S0|NANOG_HUMAN	g9970	42.424	66	35	1	94	159	68	130	2.25E-08	53.9
NANOG	sp|Q9H9S0|NANOG_HUMAN	adi2mcaRNA28302_R3	34.821	112	66	2	51	155	2	113	2.32E-08	52.4
NANOG	sp|Q9H9S0|NANOG_HUMAN	g21468	31.967	122	78	3	62	182	79	196	2.33E-08	54.3
NANOG	sp|Q9H9S0|NANOG_HUMAN	g20699	31.967	122	78	3	62	182	79	196	2.33E-08	54.3
NANOG	sp|Q9H9S0|NANOG_HUMAN	g25474	25.185	135	88	2	55	176	21	155	2.39E-08	54.7
NANOG	sp|Q9H9S0|NANOG_HUMAN	g71050	41.935	62	33	1	94	155	146	204	3.89E-08	53.5
NANOG	sp|Q9H9S0|NANOG_HUMAN	g31763	44.643	56	31	0	99	154	106	161	4.41E-08	53.5
NANOG	sp|Q9H9S0|NANOG_HUMAN	g38347	49.057	53	27	0	96	148	121	173	4.55E-08	53.5
NANOG	sp|Q9H9S0|NANOG_HUMAN	g64767	39.706	68	38	1	90	157	114	178	5.02E-08	53.1
NANOG	sp|Q9H9S0|NANOG_HUMAN	adi2mcaRNA34896_R0	32.558	86	57	1	91	176	29	113	5.12E-08	53.1
NANOG	sp|Q9H9S0|NANOG_HUMAN	g66555	47.458	59	28	1	97	155	75	130	6.38E-08	52.8
NANOG	sp|Q9H9S0|NANOG_HUMAN	adi2mcaRNA34896_R1	37.288	59	37	0	91	149	29	87	6.54E-08	52.8
NANOG	sp|Q9H9S0|NANOG_HUMAN	g41205	33.333	84	54	1	92	173	28	111	7.81E-08	52.8
NANOG	sp|Q9H9S0|NANOG_HUMAN	g23799	38.235	68	41	1	93	160	116	182	9.40E-08	52.4
NANOG	sp|Q9H9S0|NANOG_HUMAN	g66559	34.066	91	56	2	96	185	152	239	1.00E-07	52.8
NANOG	sp|Q9H9S0|NANOG_HUMAN	g66562	37.931	87	48	2	97	183	148	228	1.02E-07	52.8
NANOG	sp|Q9H9S0|NANOG_HUMAN	g56343	44.068	59	33	0	94	152	97	155	1.06E-07	51.6
NANOG	sp|Q9H9S0|NANOG_HUMAN	g53964	27.907	129	67	3	34	162	28	130	1.57E-07	52.4
NANOG	sp|Q9H9S0|NANOG_HUMAN	g66556	42.623	61	32	1	97	157	63	120	1.64E-07	51.6
NANOG	sp|Q9H9S0|NANOG_HUMAN	g47576	37.5	64	37	1	94	157	139	199	1.70E-07	52.4
NANOG	sp|Q9H9S0|NANOG_HUMAN	g71048	28.346	127	89	1	33	159	58	182	2.44E-07	50.8
NANOG	sp|Q9H9S0|NANOG_HUMAN	g51364	37.681	69	40	1	87	155	112	177	3.27E-07	50.8
NANOG	sp|Q9H9S0|NANOG_HUMAN	adi2mcaRNA908_R1	40	60	36	0	94	153	107	166	4.83E-07	51.2
NANOG	sp|Q9H9S0|NANOG_HUMAN	g63374	40	60	36	0	94	153	107	166	5.18E-07	51.2
NANOG	sp|Q9H9S0|NANOG_HUMAN	g46882	25.253	99	66	2	93	183	20	118	5.38E-07	50.4
NANOG	sp|Q9H9S0|NANOG_HUMAN	g40934	30.435	92	64	0	61	152	85	176	5.61E-07	49.7
NANOG	sp|Q9H9S0|NANOG_HUMAN	g2346	25.253	99	66	2	93	183	19	117	6.08E-07	50.1
NANOG	sp|Q9H9S0|NANOG_HUMAN	g41966	37.5	64	37	1	94	157	123	183	6.30E-07	50.1
NANOG	sp|Q9H9S0|NANOG_HUMAN	g66560	35.211	71	46	0	77	147	84	154	6.43E-07	50.4
NANOG	sp|Q9H9S0|NANOG_HUMAN	g666	41.935	62	33	1	94	155	155	213	7.13E-07	50.1
NANOG	sp|Q9H9S0|NANOG_HUMAN	g33405	41.935	62	33	1	94	155	155	213	7.82E-07	50.1
NANOG	sp|Q9H9S0|NANOG_HUMAN	g30204	32.143	84	54	1	74	157	78	158	8.83E-07	50.4
NANOG	sp|Q9H9S0|NANOG_HUMAN	g25473	37.5	64	40	0	94	157	326	389	8.85E-07	50.8
NANOG	sp|Q9H9S0|NANOG_HUMAN	g42188	37.5	64	40	0	94	157	321	384	9.29E-07	50.8
NANOG	sp|Q9H9S0|NANOG_HUMAN	g33392	38.667	75	43	1	94	168	147	218	1.12E-06	49.3
NANOG	sp|Q9H9S0|NANOG_HUMAN	g67739	40.909	66	36	1	106	171	130	192	1.15E-06	48.9
NANOG	sp|Q9H9S0|NANOG_HUMAN	g46883	24.242	99	67	2	93	183	18	116	1.33E-06	49.3
NANOG	sp|Q9H9S0|NANOG_HUMAN	g2355	24.242	99	67	2	93	183	19	117	1.34E-06	49.3
NANOG	sp|Q9H9S0|NANOG_HUMAN	g2348	24.242	99	67	2	93	183	18	116	1.34E-06	49.3
NANOG	sp|Q9H9S0|NANOG_HUMAN	g41209	32.812	64	43	0	92	155	43	106	1.42E-06	49.3
NANOG	sp|Q9H9S0|NANOG_HUMAN	g71103	34.848	66	43	0	92	157	91	156	2.68E-06	48.9
NANOG	sp|Q9H9S0|NANOG_HUMAN	g60772	34.848	66	43	0	92	157	91	156	2.81E-06	48.9
NANOG	sp|Q9H9S0|NANOG_HUMAN	g41206	33.333	60	40	0	92	151	37	96	3.08E-06	48.1
NANOG	sp|Q9H9S0|NANOG_HUMAN	g46440	33.333	72	48	0	95	166	100	171	3.15E-06	47.8
NANOG	sp|Q9H9S0|NANOG_HUMAN	g46439	32.323	99	58	1	68	166	77	166	3.69E-06	47.4
NANOG	sp|Q9H9S0|NANOG_HUMAN	g2353	24.242	99	67	2	93	183	102	200	4.04E-06	48.1
NANOG	sp|Q9H9S0|NANOG_HUMAN	g58080	37.838	74	41	1	98	166	151	224	4.39E-06	47.8
NANOG	sp|Q9H9S0|NANOG_HUMAN	adi2mcaRNA28306_R0	37.705	61	38	0	91	151	148	208	4.83E-06	47.8
NANOG	sp|Q9H9S0|NANOG_HUMAN	adi2mcaRNA29616_R6	30.159	63	41	1	94	156	12	71	5.22E-06	47.4
NANOG	sp|Q9H9S0|NANOG_HUMAN	adi2mcaRNA34909_R0	34.328	67	42	1	92	156	36	102	6.01E-06	47
NANOG	sp|Q9H9S0|NANOG_HUMAN	g31762	40.741	54	32	0	99	152	104	157	6.77E-06	46.6
NANOG	sp|Q9H9S0|NANOG_HUMAN	adi2mcaRNA34899_R0	32.143	84	51	2	92	173	28	107	7.81E-06	47
NANOG	sp|Q9H9S0|NANOG_HUMAN	g25477	24.545	110	67	2	59	157	15	119	8.46E-06	46.6
NANOG	sp|Q9H9S0|NANOG_HUMAN	g23800	35	60	39	0	92	151	143	202	8.72E-06	46.6
NANOG	sp|Q9H9S0|NANOG_HUMAN	g25475	30.769	65	45	0	93	157	54	118	9.72E-06	47
WNT8	sp|Q9VFX1|WNT8_DROME	g14809	31.164	292	164	13	38	300	30	313	4.74E-26	105
WNT8	sp|Q9VFX1|WNT8_DROME	g23174	27.244	312	169	11	43	308	107	406	7.70E-26	106
WNT8	sp|Q9VFX1|WNT8_DROME	g33143	26.159	302	178	8	39	308	27	315	1.64E-25	104
WNT8	sp|Q9VFX1|WNT8_DROME	g17638	25.581	301	181	8	39	308	27	315	1.85E-25	104
WNT8	sp|Q9VFX1|WNT8_DROME	adi2mcaRNA17113_R1	28.374	289	172	10	38	307	39	311	6.88E-25	102
WNT8	sp|Q9VFX1|WNT8_DROME	g33149	26.974	304	171	10	38	307	39	325	1.51E-23	99.4
WNT8	sp|Q9VFX1|WNT8_DROME	g65049	27.797	295	175	7	40	308	62	344	1.94E-23	99
WNT8	sp|Q9VFX1|WNT8_DROME	g65046	25.526	333	206	10	7	308	26	347	2.55E-23	99.8
WNT8	sp|Q9VFX1|WNT8_DROME	g66857	26.531	294	174	9	39	301	23	305	1.12E-22	96.7
WNT8	sp|Q9VFX1|WNT8_DROME	g33148	26.531	294	174	9	39	301	46	328	1.39E-22	96.7
WNT8	sp|Q9VFX1|WNT8_DROME	g55803	32.245	245	135	10	78	299	635	871	2.41E-22	98.2
WNT8	sp|Q9VFX1|WNT8_DROME	g29257	26.804	291	181	9	41	308	67	348	8.24E-22	94.7
WNT8	sp|Q9VFX1|WNT8_DROME	g65048	26.78	295	178	7	40	308	62	344	4.54E-21	92.4
WNT8	sp|Q9VFX1|WNT8_DROME	g65047	26.441	295	179	7	40	308	62	344	9.25E-21	91.7
WNT8	sp|Q9VFX1|WNT8_DROME	g6557	24.172	302	182	9	43	308	64	354	1.89E-18	85.1
WNT8	sp|Q9VFX1|WNT8_DROME	g52434	25.559	313	190	14	18	299	42	342	1.00E-16	80.1
WNT8	sp|Q9VFX1|WNT8_DROME	g1268	22.951	305	186	7	43	308	44	338	1.46E-16	79.7
WNT8	sp|Q9VFX1|WNT8_DROME	g29228	23.179	302	189	9	39	308	73	363	4.99E-16	78.2
WNT8	sp|Q9VFX1|WNT8_DROME	g29229	21.927	301	169	8	43	290	64	351	4.45E-15	75.5
WNT8	sp|Q9VFX1|WNT8_DROME	g29230	23.934	305	173	9	42	301	77	367	6.66E-15	75.1
WNT8	sp|Q9VFX1|WNT8_DROME	g23191	23.077	299	187	11	42	308	70	357	2.43E-14	73.2
WNT8	sp|Q9VFX1|WNT8_DROME	g52433	24.138	290	183	11	38	299	240	520	3.08E-14	73.6
WNT8	sp|Q9VFX1|WNT8_DROME	g32326	23.985	271	164	11	51	290	77	336	9.97E-13	68.6
WNT8	sp|Q9VFX1|WNT8_DROME	g52432	24.916	297	180	14	43	308	72	356	5.32E-12	66.2